Track,Artist,Duration,Time_Signature,Danceability,Energy,Key,Loudness,Mode,Speechiness,Acousticness,Instrumentalness,Liveness,Valence,Tempo,Popularity,Year,Verified
Why Can’t We Live Together,Timmy Thomas,5:28,4,0.837,0.322,10,-10.161,1,0.0356,0.81,0.875,0.0966,0.962,104.499,53,1973,Yes
I Believe In You (YOU Believe In Me),Johnnie Taylor,3:21,4,0.612,0.744,8,-5.671,1,0.033,0.125,2.57e-06,0.0978,0.527,113.009,52,1973,Yes
Touch Me In The Morning,Diana Ross,3:27,4,0.356,0.615,6,-7.211,1,0.0315,0.456,0.0,0.0477,0.602,137.186,51,1973,Yes
Hocus Pocus,Focus,6:42,4,0.267,0.722,2,-7.344,1,0.102,0.00596,0.893,0.35,0.347,184.093,50,1973,Yes
The Cisco Kid,War,3:47,4,0.849,0.843,9,-7.154,0,0.105,0.209,0.00292,0.0309,0.963,141.926,50,1973,Yes
Boogie Woogie Bugle Boy,Bette Midler,2:41,4,0.64,0.479,7,-11.55,1,0.467,0.881,0.000171,0.0973,0.79,166.868,49,1973,Yes
Pillow Talk,Sylvia,10:45,4,0.919,0.362,8,-8.331,1,0.368,0.576,0.0,0.134,0.416,104.987,49,1973,Yes
Break Up To Make Up,The Stylistics,3:59,3,0.583,0.301,4,-10.598,1,0.0243,0.883,0.0,0.334,0.337,79.364,49,1973,Yes
Dueling Banjos,Eric Weissberg & Steve Mandell,3:14,4,0.417,0.484,9,-8.781,1,0.0791,0.409,0.959,0.0663,0.501,149.79,48,1973,Yes
Uneasy Rider,Charlie Daniels Band,4:24,4,0.771,0.632,0,-14.352,1,0.0655,0.0898,9.17e-06,0.178,0.823,107.308,47,1973,Yes
Feelin’ Stronger Every Day,Chicago,4:14,4,0.375,0.878,0,-6.099,1,0.0649,0.00946,0.0091,0.279,0.667,159.833,47,1973,No
Let’s Get It On,Marvin Gaye,4:05,4,0.619,0.718,3,-4.997,1,0.0515,0.145,1.81e-06,0.0848,0.554,83.584,47,1973,Yes
Space Race,Billy Preston,2:32,4,0.677,0.671,2,-10.07,1,0.029,0.0506,7.8e-05,0.359,0.676,124.975,46,1973,Yes
The Morning After,Maureen McGovern,5:40,4,0.63,0.436,10,-12.507,0,0.0426,0.302,0.00019,0.117,0.601,169.142,44,1973,Yes
Will It Go Round In Circles,Billy Preston,4:27,4,0.688,0.954,1,-3.767,1,0.0323,0.484,0.000688,0.259,0.89,98.111,43,1973,Yes
Little Willy,Sweet,3:12,4,0.662,0.772,11,-7.135,1,0.0356,0.332,1.22e-06,0.314,0.914,127.025,43,1973,Yes
Call Me (COME Back Home),Al Green,3:04,4,0.683,0.392,10,-13.213,1,0.0293,0.596,3.43e-06,0.227,0.679,99.79,42,1973,Yes
You Ought To Be With Me,Al Green,3:19,4,0.711,0.44,7,-11.501,0,0.0332,0.472,0.000149,0.131,0.577,107.603,41,1973,Yes
Half-Breed,Cher,2:47,4,0.646,0.467,9,-12.678,0,0.0325,0.524,0.0,0.329,0.877,102.704,41,1973,Yes
Tie A Yellow Ribbon Round The Ole Oak Tree,Tony Orlando and Dawn,3:27,4,0.617,0.634,5,-10.982,1,0.0525,0.317,3.42e-06,0.0747,0.597,88.183,41,1973,Yes
One Of A Kind (LOVE Affair),The Spinners,3:34,4,0.608,0.428,1,-11.625,1,0.109,0.263,0.0,0.093,0.881,176.735,40,1973,Yes
The Twelfth Of Never,Donny Osmond,2:27,4,0.205,0.334,5,-10.765,1,0.0343,0.902,0.000346,0.133,0.354,171.317,39,1973,Yes
Keep On Truckin’,Eddie Kendricks,7:59,4,0.45,0.81,1,-9.762,1,0.0472,0.122,0.00963,0.0412,0.86,101.568,38,1973,Yes
Paper Roses,Marie Osmond,2:38,4,0.359,0.504,8,-10.555,1,0.0349,0.272,1.52e-05,0.332,0.73,114.172,38,1973,Yes
Rockin’ Pneumonia And The Boogie Woogie Flu,Johnny Rivers,3:30,4,0.595,0.768,0,-10.372,1,0.0283,0.224,4.87e-05,0.3,0.971,110.829,37,1973,No
The World Is A Ghetto,War,4:04,4,0.682,0.404,6,-12.51,0,0.0493,0.0367,0.000117,0.144,0.401,91.582,37,1973,Yes
Funny Face,Donna Fargo,2:46,3,0.541,0.249,2,-13.125,1,0.0339,0.813,5.59e-05,0.159,0.437,96.802,36,1973,Yes
Don’t Expect Me To Be Your Friend,Lobo,3:35,4,0.607,0.419,2,-10.837,1,0.0279,0.181,0.000949,0.108,0.476,78.627,35,1973,No
Yes We Can Can,The Pointer Sisters,6:02,4,0.745,0.544,7,-14.06,1,0.21,0.0239,0.000524,0.0901,0.84,88.383,33,1973,Yes
Heartbeat – It’s A Lovebeat,the DeFranco Family featuring Tony DeFranco,3:14,4,0.48,0.761,6,-9.895,0,0.0346,0.2,0.0,0.05,0.794,145.338,31,1973,No
Daddy’s Home,Jermaine Jackson,3:17,4,0.327,0.816,8,-7.88,1,0.318,0.804,0.00031,0.974,0.636,205.747,30,1973,No
Playground In My Mind,Clint Holmes,2:52,4,0.704,0.681,5,-7.4,1,0.0343,0.431,0.0,0.11,0.927,125.209,28,1973,Yes
"Oh, Babe, What Would You Say?",Hurricane Smith,3:29,4,0.37,0.587,0,-7.111,1,0.0318,0.603,5.82e-06,0.12,0.598,151.152,28,1973,Yes
"Say, Has Anybody Seen My Sweet Gypsy Rose",Tony Orlando and Dawn,2:55,4,0.53,0.708,1,-9.293,1,0.186,0.551,1.96e-05,0.1,0.634,170.545,28,1973,Yes
Keeper Of The Castle,The Four Tops,2:56,4,0.57,0.625,8,-7.548,1,0.0347,0.47,0.0,0.0922,0.962,78.342,27,1973,Yes
Gypsy Man,War,5:23,4,0.523,0.688,9,-8.442,0,0.0557,0.00511,0.195,0.259,0.778,126.921,25,1973,Yes
You’re So Vain,Carly Simon,4:18,4,0.665,0.594,0,-10.638,1,0.0293,0.0969,1.16e-05,0.0818,0.749,105.934,23,1973,No
Ain’t No Woman (LIKE The One I’ve Got),The Four Tops,2:37,4,0.519,0.71,9,-10.908,0,0.0362,0.665,0.963,0.0889,0.67,102.585,18,1973,No
Could It Be I’m Falling In Love,The Spinners,4:09,4,0.382,0.727,9,-6.677,0,0.0861,0.729,0.0,0.196,0.826,207.266,17,1973,No
Also Sprach Zarathustra (2001),Deodato,8:59,4,0.425,0.669,5,-9.481,1,0.0316,0.0844,0.916,0.9,0.324,114.751,15,1973,No
I’m Doin’ Fine Now,New York City,4:00,4,0.789,0.743,7,-12.758,0,0.0341,0.00162,0.455,0.0416,0.96,115.984,8,1973,No
Mockingbird,Carly Simon & James Taylor,4:10,4,0.637,0.678,0,-3.798,1,0.266,0.209,0.0,0.156,0.254,84.039,86,1974,Yes
Come And Get Your Love,Redbone,3:25,4,0.731,0.804,11,-7.621,0,0.0473,0.172,0.00028,0.0685,0.957,107.383,83,1974,Yes
Sweet Home Alabama,Lynyrd Skynyrd,4:43,4,0.596,0.606,7,-12.145,1,0.0255,0.181,0.000327,0.0863,0.886,97.785,81,1974,Yes
"Never, Never Gonna Give You Up",Barry White,3:33,4,0.721,0.939,8,-11.823,1,0.0376,0.115,3.79e-05,0.108,0.914,113.309,79,1974,Yes
Can’t Get Enough,Bad Company,3:39,4,0.659,0.629,0,-8.685,0,0.18,0.19,0.0,0.105,0.262,94.049,78,1974,Yes
Goodbye Yellow Brick Road,Elton John,3:12,4,0.559,0.473,5,-7.712,1,0.0279,0.446,0.00141,0.154,0.397,121.227,76,1974,Yes
Time In A Bottle,Jim Croce,2:28,3,0.533,0.157,2,-16.838,1,0.0374,0.888,0.0,0.108,0.587,134.019,76,1974,Yes
Waterloo,ABBA,2:48,4,0.445,0.949,2,-4.682,1,0.0471,0.395,8.18e-06,0.0902,0.653,147.604,75,1974,Yes
The Joker,Steve Miller Band,4:24,4,0.596,0.448,5,-9.616,1,0.0396,0.365,5.3e-06,0.206,0.796,83.293,75,1974,Yes
Beach Baby,The First Class,2:40,3,0.669,0.0809,0,-17.282,1,0.0365,0.983,0.41,0.114,0.0922,114.355,75,1974,Yes
Bennie And The Jets,Elton John,5:22,4,0.665,0.673,0,-7.95,1,0.0493,0.259,7.62e-06,0.497,0.779,132.642,74,1974,Yes
Jungle Boogie,Kool & the Gang,2:54,4,0.538,0.52,7,-11.063,0,0.737,0.308,0.0,0.214,0.551,180.274,73,1974,Yes
Eres Tú,Mocedades,4:02,4,0.639,0.399,5,-11.815,1,0.0248,0.484,0.00056,0.133,0.306,79.113,72,1974,Yes
Annie’s Song,John Denver,3:00,3,0.304,0.305,2,-10.879,1,0.0298,0.871,0.00368,0.367,0.464,146.066,71,1974,No
Band On The Run,Paul McCartney and Wings,5:13,4,0.479,0.601,7,-8.806,1,0.0319,0.0823,0.00141,0.111,0.669,124.966,71,1974,Yes
Nothing From Nothing,Billy Preston,4:18,4,0.606,0.377,0,-9.455,1,0.0275,0.817,0.0,0.154,0.446,101.96,70,1974,Yes
On And On,Gladys Knight & the Pips,7:26,3,0.438,0.687,7,-9.15,1,0.0619,0.000668,0.0801,0.42,0.426,103.01,70,1974,Yes
Top Of The World,The Carpenters,3:09,4,0.635,0.926,0,-5.589,1,0.15,0.0892,4.4e-06,0.0928,0.771,100.043,70,1974,Yes
Rock On,David Essex,3:14,3,0.449,0.296,0,-12.608,1,0.0361,0.892,0.000755,0.892,0.139,139.828,69,1974,Yes
Hooked On A Feeling,Blue Swede,2:52,4,0.547,0.82,8,-6.728,1,0.0805,0.261,0.0,0.3,0.933,118.208,68,1974,Yes
Sundown,Gordon Lightfoot,3:33,4,0.794,0.427,11,-15.492,1,0.029,0.334,1.04e-05,0.0703,0.751,105.732,68,1974,Yes
Jet,Paul McCartney and Wings,5:45,4,0.791,0.557,7,-9.622,0,0.0698,0.54,0.0,0.103,0.284,119.973,68,1974,Yes
Rock The Boat,The Hues Corporation,4:34,4,0.637,0.725,5,-5.073,1,0.0333,0.0702,0.00438,0.203,0.415,92.99,68,1974,Yes
I’ll Have To Say I Love You In A Song,Jim Croce,2:34,4,0.537,0.447,9,-14.978,1,0.029,0.834,0.0101,0.107,0.717,133.794,66,1974,No
Help Me,Joni Mitchell,3:01,4,0.749,0.709,6,-6.385,1,0.259,0.155,0.0,0.329,0.564,78.53,66,1974,Yes
Rikki Don’t Lose That Number,Steely Dan,4:32,4,0.641,0.408,2,-14.971,1,0.0409,0.824,0.0022,0.0958,0.58,116.436,66,1974,Yes
I Shot The Sheriff,Eric Clapton,4:39,4,0.801,0.641,8,-9.355,1,0.173,0.34,4.5e-05,0.0693,0.741,96.96,64,1974,Yes
Feel Like Makin’ Love,Roberta Flack,5:13,4,0.543,0.529,7,-9.717,1,0.0301,0.326,0.00269,0.709,0.746,85.126,64,1974,No
The Air That I Breathe,The Hollies,4:17,4,0.279,0.473,4,-8.375,0,0.031,0.244,0.00162,0.158,0.244,167.778,64,1974,Yes
You Make Me Feel Brand New,The Stylistics,4:48,4,0.453,0.359,7,-8.567,1,0.0247,0.849,3.02e-05,0.137,0.178,76.015,64,1974,Yes
Tin Man,America,3:29,4,0.646,0.531,7,-10.785,1,0.0671,0.528,0.0133,0.0836,0.655,172.02,63,1974,Yes
Americans,Byron MacGregor,5:13,4,0.614,0.763,4,-8.949,0,0.133,0.171,0.0,0.119,0.885,84.236,61,1974,Yes
Don’t Let The Sun Go Down On Me,Elton John,5:36,4,0.43,0.447,0,-8.522,1,0.0262,0.122,1.9e-06,0.0921,0.345,141.099,61,1974,Yes
Lookin’ For A Love,Bobby Womack,2:58,4,0.522,0.957,2,-4.924,1,0.0687,0.0515,0.0014,0.144,0.917,170.91,60,1974,No
Seasons In The Sun,Terry Jacks,3:28,4,0.648,0.646,6,-8.201,1,0.0502,0.627,4.9e-06,0.247,0.812,99.975,60,1974,Yes
The Way We Were,Barbra Streisand,3:31,3,0.264,0.32,9,-11.716,1,0.0325,0.885,0.00141,0.134,0.171,138.108,59,1974,Yes
The Most Beautiful Girl,Charlie Rich,2:41,4,0.576,0.318,7,-14.366,1,0.0286,0.661,7.47e-06,0.167,0.41,103.493,59,1974,No
Sunshine On My Shoulders,John Denver,5:11,4,0.322,0.168,10,-13.893,1,0.0336,0.915,0.000223,0.117,0.259,146.68,59,1974,Yes
Another Saturday Night,Cat Stevens,2:40,4,0.776,0.659,9,-7.767,1,0.051,0.434,0.0,0.0868,0.969,123.094,58,1974,Yes
Dark Lady,Cher,3:03,4,0.552,0.98,2,-6.398,1,0.0704,0.00429,1.94e-06,0.13,0.485,109.005,58,1974,Yes
Smokin’ In The Boys Room,Brownsville Station,3:27,4,0.387,0.939,2,-4.792,1,0.0731,0.00151,1.61e-06,0.346,0.635,134.748,57,1974,No
Just You ‘N’ Me,Chicago,3:09,4,0.549,0.573,4,-6.491,1,0.0302,0.615,0.000504,0.122,0.547,87.43,57,1974,No
The Bitch Is Back,Elton John,3:44,4,0.586,0.86,1,-6.752,1,0.0578,0.0372,0.0011,0.1,0.942,132.798,56,1974,Yes
Hollywood Swinging,Kool & the Gang,4:39,4,0.623,0.824,6,-8.971,0,0.0479,0.0195,0.13,0.0491,0.574,111.356,56,1974,Yes
Be Thankful For What You Got,William DeVaughn,3:41,4,0.778,0.481,6,-13.136,0,0.0565,0.00345,0.0102,0.105,0.879,107.183,56,1974,Yes
Hello It’s Me,Todd Rundgren,4:24,4,0.578,0.848,5,-6.842,1,0.0261,0.0563,0.00426,0.0963,0.779,87.246,55,1974,Yes
For The Love Of Money,The O’Jays,7:19,4,0.679,0.802,0,-7.739,1,0.0406,0.236,2.33e-06,0.132,0.894,97.375,54,1974,No
You Won’t See Me,Anne Murray,3:19,4,0.488,0.539,9,-8.752,1,0.0304,0.136,0.0,0.0538,0.473,115.941,53,1974,No
Back Home Again,John Denver,4:45,4,0.528,0.305,4,-11.671,1,0.0301,0.837,3.03e-06,0.113,0.549,117.828,52,1974,Yes
Tell Me Something Good,Rufus & Chaka Khan,4:37,4,0.666,0.577,1,-7.916,1,0.22,0.659,0.0,0.569,0.783,74.29,52,1974,No
The Show Must Go On,Three Dog Night,4:37,4,0.304,0.686,11,-6.928,0,0.0346,0.414,0.0,0.112,0.175,83.382,52,1974,Yes
Rock Me Gently,Andy Kim,3:28,4,0.719,0.703,0,-8.306,1,0.0545,0.231,9e-05,0.129,0.776,123.173,51,1974,Yes
Sideshow,Blue Magic,4:11,4,0.586,0.337,7,-13.165,1,0.0347,0.837,0.0,0.628,0.543,133.229,51,1974,Yes
The Streak,Ray Stevens,4:04,4,0.164,0.949,11,-2.588,0,0.0581,0.00028,0.0134,0.374,0.257,99.754,51,1974,Yes
Dancing Machine,The Jackson 5,2:41,4,0.776,0.794,6,-7.722,1,0.0723,0.133,2.35e-05,0.689,0.845,109.277,51,1974,Yes
Rock Your Baby,George McCrae,3:20,4,0.594,0.906,1,-5.536,1,0.0594,0.169,0.00122,0.0778,0.892,104.411,50,1974,Yes
The Entertainer,Marvin Hamlisch,3:41,4,0.611,0.912,0,-6.775,1,0.0398,0.105,0.0,0.117,0.77,101.307,50,1974,Yes
Living For The City,Stevie Wonder,3:39,4,0.708,0.538,11,-10.28,1,0.0686,0.256,0.0,0.193,0.651,98.233,50,1974,Yes
The Loco-Motion,Grand Funk Railroad,2:45,4,0.456,0.933,0,-5.212,1,0.153,0.375,0.0,0.563,0.367,125.051,49,1974,Yes
Whatever Gets You Thru The Night,John Lennon with the Plastic Ono Band,3:27,4,0.574,0.853,2,-9.157,1,0.0763,0.531,0.581,0.543,0.755,126.313,49,1974,No
Hang On In There Baby,Johnny Bristol,3:53,4,0.593,0.855,7,-8.421,1,0.0775,0.336,2.1e-05,0.126,0.648,96.183,49,1974,Yes
The Lord’s Prayer,Sister Janet Mead,3:23,4,0.518,0.841,9,-5.744,1,0.0503,0.0203,0.0,0.0676,0.464,150.033,49,1974,No
Best Thing That Ever Happened To Me,Gladys Knight & the Pips,3:44,4,0.352,0.545,1,-11.939,0,0.0871,0.309,0.0563,0.106,0.459,189.498,48,1974,Yes
Midnight At The Oasis,Maria Muldaur,5:20,4,0.637,0.64,8,-8.244,1,0.0385,0.191,0.782,0.0436,0.419,88.923,48,1974,Yes
I Honestly Love You,Olivia Newton-John,3:40,4,0.355,0.112,10,-15.309,1,0.0362,0.959,0.000104,0.0674,0.153,134.893,48,1974,Yes
The Night Chicago Died,Paper Lace,3:23,4,0.767,0.45,0,-12.352,1,0.0824,0.347,0.0,0.113,0.809,106.847,48,1974,Yes
Tubular Bells,Mike Oldfield,26:01,4,0.374,0.219,4,-19.104,0,0.0343,0.564,0.56,0.114,0.0579,103.535,47,1974,Yes
You’re Sixteen,Ringo Starr,2:49,4,0.665,0.629,8,-12.852,1,0.0441,0.0381,1.84e-05,0.0637,0.856,124.265,47,1974,No
Show And Tell,Al Wilson,3:27,4,0.37,0.418,2,-11.305,1,0.0266,0.303,0.0,0.0832,0.926,177.576,46,1974,Yes
Oh My My,Ringo Starr,3:10,4,0.673,0.738,0,-4.808,1,0.03,0.019,0.0,0.214,0.713,124.987,46,1974,Yes
Please Come To Boston,Dave Loggins,4:06,4,0.563,0.418,4,-8.503,1,0.0287,0.374,0.0,0.102,0.347,133.493,45,1974,Yes
Let Me Be There,Olivia Newton-John,3:01,4,0.589,0.487,2,-12.587,1,0.0328,0.251,2.9e-06,0.117,0.878,128.421,45,1974,Yes
Jazzman,Carole King,3:43,4,0.576,0.657,5,-10.484,1,0.0297,0.227,0.000909,0.231,0.812,118.354,43,1974,Yes
Tsop (THE Sound Of Philadelphia),MFSB featuring the Three Degrees,3:47,4,0.654,0.925,7,-4.365,0,0.0268,0.0249,0.0022,0.0572,0.963,113.403,42,1974,Yes
If You Love Me (LET Me Know),Olivia Newton-John,3:16,4,0.595,0.495,5,-12.924,1,0.0346,0.587,0.0,0.125,0.819,128.817,41,1974,Yes
Just Don’t Want To Be Lonely,The Main Ingredient,7:12,4,0.51,0.506,5,-13.327,1,0.0576,0.257,0.00409,0.117,0.709,143.016,41,1974,No
Then Came You,Dionne Warwick & The Spinners,4:00,4,0.803,0.73,9,-7.458,0,0.0608,0.643,0.0,0.585,0.817,116.627,40,1974,Yes
Billy Don’t Be A Hero,Bo Donaldson and The Heywoods,3:25,4,0.701,0.69,11,-10.27,1,0.0399,0.0226,0.0,0.173,0.964,122.19,39,1974,Yes
Wildwood Weed,Jim Stafford,2:40,4,0.682,0.425,7,-13.178,1,0.0366,0.732,2.71e-06,0.128,0.681,90.056,39,1974,Yes
One Hell Of A Woman,Mac Davis,2:08,3,0.51,0.117,3,-12.909,1,0.0399,0.901,0.0,0.152,0.231,145.463,39,1974,Yes
Do It (‘TIL You’re Satisfied),B.T. Express,5:53,4,0.703,0.761,10,-10.136,1,0.0552,0.115,4.99e-06,0.103,0.652,104.838,38,1974,No
You And Me Against The World,Helen Reddy,3:11,4,0.384,0.283,9,-15.493,1,0.0288,0.544,1.09e-06,0.154,0.259,78.568,38,1974,Yes
Rock And Roll Heaven,The Righteous Brothers,3:31,4,0.481,0.76,9,-8.275,1,0.0319,0.411,0.0,0.208,0.844,112.516,38,1974,Yes
Love’s Theme,Love Unlimited Orchestra,3:22,1,0.262,0.136,9,-19.819,0,0.0284,0.95,0.909,0.169,0.113,75.454,37,1974,Yes
Clap For The Wolfman,The Guess Who featuring Wolfman Jack,4:16,4,0.462,0.693,4,-11.758,1,0.0555,0.377,2.98e-06,0.575,0.851,180.671,37,1974,No
Helen Wheels,Paul McCartney and Wings,3:47,4,0.407,0.694,9,-9.928,1,0.0333,0.00756,0.00017,0.356,0.728,145.833,36,1974,Yes
Boogie Down,Eddie Kendricks,3:53,4,0.718,0.65,5,-10.2,0,0.0299,0.258,0.0194,0.325,0.921,114.543,34,1974,Yes
You Haven’t Done Nothin’,Stevie Wonder,3:23,4,0.748,0.65,10,-10.17,0,0.0369,0.305,2.23e-05,0.213,0.825,101.503,33,1974,Yes
My Melody Of Love,Bobby Vinton,3:11,4,0.382,0.483,9,-9.625,1,0.0258,0.337,0.0,0.282,0.461,82.612,30,1974,Yes
Leave Me Alone (RUBY Red Dress),Helen Reddy,3:27,4,0.655,0.626,7,-11.386,1,0.0467,0.134,2.3e-05,0.0586,0.874,134.071,30,1974,Yes
Until You Come Back To Me (THAT’S What I’m Gonna Do),Aretha Franklin,3:26,4,0.68,0.54,2,-9.831,1,0.0275,0.624,0.000908,0.116,0.718,94.548,29,1974,No
Put Your Hands Together,The O’Jays,4:07,4,0.579,0.773,7,-7.199,1,0.109,0.506,2.08e-05,0.188,0.737,141.258,29,1974,No
"Can’t Get Enough Of Your Love, Babe",Barry White,4:30,4,0.539,0.793,5,-9.589,1,0.0352,0.0389,3.77e-06,0.33,0.715,111.299,28,1974,Yes
I’ve Got To Use My Imagination,Gladys Knight & the Pips,4:14,4,0.56,0.397,9,-14.496,0,0.0276,0.457,0.0183,0.112,0.894,97.01,26,1974,No
Steppin’ Out (GONNA Boogie Tonight),Tony Orlando and Dawn,2:54,4,0.627,0.631,2,-9.218,1,0.0361,0.246,0.0,0.0418,0.895,163.474,19,1974,No
Spiders And Snakes,Jim Stafford,2:54,4,0.659,0.707,4,-10.244,1,0.0962,0.636,7.95e-06,0.1,0.754,86.283,12,1974,Yes
I’m Leaving It Up To You,Donny and Marie Osmond,3:04,4,0.44,0.31,10,-15.53,1,0.0357,0.738,0.000311,0.779,0.696,77.002,4,1974,No
(I’VE Been) Searchin’ So Long,Chicago,4:20,4,0.322,0.647,7,-3.862,1,0.0291,0.438,4.47e-06,0.985,0.169,90.75,0,1974,Yes
(YOU’RE) Having My Baby,Paul Anka with Odia Coates,2:38,4,0.445,0.637,0,-9.1,1,0.0284,0.571,0.0,0.121,0.304,180.159,0,1974,No
Brazil,the Ritchie Family,4:12,4,0.687,0.617,4,-5.213,1,0.0287,0.0941,1.27e-05,0.0898,0.665,121.079,83,1975,Yes
I’m Sorry,John Denver,2:47,5,0.445,0.455,7,-6.405,1,0.0575,0.731,1.47e-06,0.124,0.151,109.885,81,1975,Yes
Magic,Pilot,2:17,4,0.911,0.689,1,-6.176,1,0.265,0.00119,0.0,0.0704,0.546,140.034,80,1975,Yes
Lady,Styx,3:03,4,0.539,0.16,3,-13.285,1,0.0329,0.881,0.000268,0.105,0.322,81.446,76,1975,Yes
Sister Golden Hair,America,3:19,4,0.441,0.546,4,-12.222,1,0.0336,0.13,0.000144,0.109,0.718,134.752,75,1975,Yes
This Will Be,Natalie Cole,2:51,4,0.685,0.623,8,-11.146,1,0.042,0.228,0.00234,0.0295,0.896,126.739,74,1975,Yes
Bad Blood,Neil Sedaka,3:19,4,0.604,0.644,2,-6.931,1,0.0889,0.0143,0.0,0.237,0.197,170.088,74,1975,Yes
No No Song,Ringo Starr,4:10,4,0.354,0.269,1,-13.242,1,0.0297,0.885,0.00035,0.0872,0.304,91.608,74,1975,Yes
One Of These Nights,Eagles,4:51,4,0.655,0.606,7,-10.385,1,0.0285,0.0603,0.0789,0.0757,0.765,110.061,73,1975,Yes
Bad Time,Grand Funk,2:59,4,0.698,0.675,7,-10.742,1,0.04,0.709,0.0,0.0782,0.853,148.063,73,1975,Yes
Wildfire,Michael Martin Murphey,3:26,4,0.862,0.314,3,-8.269,0,0.0369,0.108,0.156,0.0878,0.502,114.472,73,1975,Yes
Kung Fu Fighting,Carl Douglas,3:17,4,0.621,0.764,2,-8.702,1,0.0578,0.146,4.97e-05,0.161,0.745,102.288,72,1975,Yes
Fallin’ In Love,"Hamilton, Joe Frank & Reynolds",4:05,4,0.475,0.269,7,-11.641,1,0.027,0.722,0.017,0.125,0.357,140.654,72,1975,No
Fire,Ohio Players,3:47,4,0.638,0.831,8,-5.039,1,0.049,0.142,0.0,0.113,0.649,124.071,72,1975,Yes
How Long?,Ace,3:20,4,0.845,0.561,1,-5.253,0,0.0778,0.211,3.49e-06,0.0383,0.811,109.974,71,1975,No
Best Of My Love,Eagles,3:40,4,0.784,0.713,0,-6.865,1,0.0339,0.447,0.14,0.0904,0.97,115.443,71,1975,Yes
Low Rider,War,3:10,4,0.812,0.644,0,-10.761,1,0.0493,0.0877,0.785,0.0563,0.989,140.075,71,1975,Yes
Lovin’ You,Minnie Riperton,3:14,4,0.572,0.949,4,-4.865,1,0.06,0.00165,0.000195,0.163,0.53,118.974,69,1975,No
Some Kind Of Wonderful,Grand Funk Railroad,3:22,4,0.855,0.691,2,-6.51,1,0.0514,0.144,0.0,0.36,0.647,121.472,68,1975,Yes
Lady Marmalade,Labelle,4:27,4,0.754,0.811,5,-3.679,1,0.0561,0.0185,5.18e-06,0.654,0.639,109.902,68,1975,Yes
Mandy,Barry Manilow,3:33,4,0.308,0.464,10,-9.032,1,0.0279,0.418,2.49e-06,0.143,0.318,103.734,67,1975,Yes
Lyin’ Eyes,Eagles,6:21,4,0.669,0.673,7,-9.754,1,0.0248,0.203,0.0271,0.164,0.867,132.68,67,1975,Yes
Emma,Hot Chocolate,3:40,4,0.669,0.613,4,-11.12,0,0.036,0.487,0.176,0.132,0.566,110.668,67,1975,Yes
Rhinestone Cowboy,Glen Campbell,3:14,4,0.644,0.633,0,-8.006,1,0.0261,0.102,6.82e-05,0.227,0.648,115.192,66,1975,Yes
Lucy In The Sky With Diamonds,Elton John,3:28,1,0.311,0.325,2,-9.042,1,0.0283,0.0469,0.0,0.139,0.668,65.09,65,1975,Yes
You Are So Beautiful,Joe Cocker,2:39,3,0.297,0.182,1,-10.944,1,0.0298,0.846,0.00267,0.134,0.092,83.391,65,1975,Yes
Feelings,Morris Albert,3:09,4,0.7,0.394,9,-8.911,1,0.0328,0.0567,0.0,0.0801,0.241,103.041,65,1975,Yes
Feel Like Makin’ Love,Bad Company,5:13,4,0.543,0.529,7,-9.717,1,0.0301,0.326,0.00269,0.709,0.746,85.126,64,1975,No
Shining Star,"Earth, Wind & Fire",2:50,4,0.676,0.692,9,-13.093,1,0.052,0.668,0.00915,0.13,0.799,102.516,64,1975,Yes
How Sweet It Is (To Be Loved by You),James Taylor,3:36,4,0.764,0.628,0,-10.961,1,0.048,0.336,0.0,0.0977,0.823,109.008,64,1975,Yes
Laughter In The Rain,Neil Sedaka,2:50,4,0.495,0.613,5,-9.463,1,0.0239,0.348,0.0058,0.0406,0.924,100.535,63,1975,Yes
Please Mr. Please,Olivia Newton-John,2:28,4,0.785,0.776,2,-5.259,1,0.0312,0.729,0.0,0.181,0.967,121.505,63,1975,Yes
Dance With Me,Orleans,3:51,4,0.912,0.511,9,-6.365,1,0.203,0.0259,0.0,0.0442,0.611,101.628,63,1975,Yes
Please Mr. Postman,The Carpenters,2:28,4,0.785,0.776,2,-5.259,1,0.0312,0.729,0.0,0.181,0.967,121.505,63,1975,Yes
Jive Talkin’,Bee Gees,3:42,4,0.811,0.545,7,-12.969,0,0.0579,0.155,0.0853,0.156,0.734,105.911,62,1975,Yes
Love Will Keep Us Together,Captain & Tennille,3:25,4,0.621,0.788,4,-4.326,1,0.0314,0.354,0.0,0.305,0.926,129.62,62,1975,Yes
My Eyes Adored You,Frankie Valli,3:32,4,0.461,0.499,11,-10.443,0,0.0316,0.238,0.0,0.135,0.387,137.687,62,1975,Yes
Black Water,The Doobie Brothers,4:15,4,0.532,0.441,2,-12.866,1,0.0434,0.228,0.0,0.0846,0.67,169.275,62,1975,Yes
Lonely People,America,2:30,4,0.557,0.473,7,-9.294,1,0.0262,0.261,3.95e-05,0.0658,0.56,79.368,61,1975,Yes
Fame,David Bowie,4:21,4,0.786,0.555,10,-10.276,1,0.0471,0.454,0.0173,0.0826,0.673,95.1,61,1975,Yes
Only You (AND You Alone),Ringo Starr,2:36,4,0.34,0.308,3,-10.518,1,0.0284,0.935,0.0,0.135,0.336,79.923,61,1975,Yes
Express,B.T. Express,4:25,4,0.851,0.583,8,-11.022,0,0.286,0.0506,0.0,0.236,0.956,95.048,60,1975,Yes
Old Days,Chicago,3:15,4,0.599,0.71,1,-7.39,1,0.576,0.351,0.0,0.113,0.572,82.243,59,1975,Yes
Miracles,Jefferson Starship,2:54,4,0.721,0.718,7,-6.916,1,0.0431,0.00146,0.00013,0.12,0.343,96.48,59,1975,Yes
When Will I Be Loved,Linda Ronstadt,2:04,4,0.513,0.573,9,-10.023,1,0.0337,0.186,0.000958,0.0878,0.621,132.607,59,1975,Yes
Why Can’t We Be Friends,War,3:50,4,0.776,0.68,10,-10.088,1,0.0389,0.179,0.0,0.483,0.962,92.481,59,1975,No
Philadelphia Freedom,Elton John,5:24,4,0.712,0.681,0,-6.351,0,0.0294,0.0444,0.000235,0.0592,0.809,125.497,57,1975,Yes
Never Can Say Goodbye,Gloria Gaynor,2:59,4,0.527,0.821,2,-7.19,1,0.047,0.337,1.68e-06,0.394,0.835,166.139,55,1975,Yes
Get Down Tonight,KC and the Sunshine Band,5:17,4,0.671,0.776,10,-11.414,1,0.0282,0.137,0.00649,0.394,0.92,112.629,55,1975,Yes
Jackie Blue,Ozark Mountain Daredevils,4:10,4,0.562,0.538,1,-9.937,1,0.0275,0.362,0.00315,0.0411,0.962,107.096,55,1975,Yes
Pick Up The Pieces,Average White Band,3:59,4,0.768,0.853,10,-5.915,0,0.0427,0.0548,0.13,0.0188,0.889,107.234,54,1975,Yes
Someone Saved My Life Tonight,Elton John,6:44,4,0.457,0.428,1,-9.796,1,0.0283,0.329,2.21e-06,0.169,0.151,129.98,54,1975,Yes
Island Girl,Elton John,4:18,4,0.801,0.495,9,-11.286,0,0.0474,0.0314,0.0002,0.0596,0.896,143.867,53,1975,Yes
Who Loves You,Four Seasons,4:15,4,0.68,0.608,2,-12.575,1,0.0499,0.0729,0.0,0.0911,0.904,137.481,53,1975,Yes
At Seventeen,Janis Ian,2:41,4,0.557,0.853,8,-5.116,1,0.16,0.00223,0.0,0.267,0.565,174.985,53,1975,Yes
Fight The Power,The Isley Brothers,4:42,4,0.797,0.582,2,-12.97,1,0.255,0.00484,2.04e-06,0.517,0.415,105.974,53,1975,Yes
Before The Next Teardrop Falls,Freddy Fender,2:29,4,0.778,0.307,10,-9.356,1,0.0341,0.892,0.000287,0.0985,0.699,92.299,52,1975,Yes
Chevy Van,Sammy Johns,2:59,4,0.449,0.547,9,-12.259,1,0.0351,0.457,0.0,0.0737,0.74,152.211,52,1975,Yes
The Hustle,Van McCoy & the Soul City Symphony,4:08,4,0.599,0.927,0,-8.356,1,0.106,0.126,0.207,0.0441,0.791,110.32,52,1975,Yes
Wasted Days And Wasted Nights,Freddy Fender,2:51,4,0.702,0.409,11,-8.84,1,0.0354,0.481,4.76e-06,0.289,0.885,88.516,51,1975,Yes
Midnight Blue,Melissa Manchester,3:54,4,0.641,0.836,0,-7.155,1,0.0284,0.105,0.0335,0.0714,0.659,113.758,51,1975,Yes
I Don’t Like To Sleep Alone,Paul Anka & Odia Coates,3:18,4,0.48,0.557,10,-9.696,1,0.0276,0.413,7.71e-06,0.267,0.26,127.237,49,1975,No
Listen To What The Man Said,Wings,4:00,4,0.499,0.616,7,-8.325,1,0.0392,0.179,0.000151,0.552,0.622,113.254,49,1975,Yes
Walking In Rhythm,The Blackbyrds,4:14,4,0.68,0.665,5,-13.0,1,0.0313,0.0188,0.00029,0.056,0.817,113.066,48,1975,Yes
(HEY Won’t You Play) Another Somebody Done Somebody Wrong Song,B.J. Thomas,3:26,4,0.637,0.528,4,-11.287,1,0.0328,0.744,0.0,0.114,0.702,124.806,47,1975,Yes
Have You Never Been Mellow,Olivia Newton-John,3:33,4,0.542,0.324,0,-14.07,1,0.0329,0.566,2.27e-06,0.0876,0.421,121.802,46,1975,Yes
Boogie On Reggae Woman,Stevie Wonder,4:56,4,0.888,0.741,10,-10.063,0,0.0535,0.22,0.058,0.0849,0.641,106.916,46,1975,Yes
Junior’s Farm,Paul McCartney & Wings,4:23,4,0.522,0.823,0,-7.115,1,0.034,0.0185,0.000145,0.0991,0.508,132.065,45,1975,No
Only Women Bleed,Alice Cooper,3:30,4,0.334,0.476,7,-8.497,1,0.0308,0.535,0.019,0.278,0.189,147.532,44,1975,Yes
Could It Be Magic,Barry Manilow,6:49,4,0.315,0.506,0,-7.283,0,0.0347,0.85,0.0405,0.131,0.291,122.913,44,1975,Yes
You’re No Good,Linda Ronstadt,3:15,4,0.547,0.742,1,-8.308,0,0.0567,0.241,0.0016,0.101,0.375,101.254,44,1975,No
One Man Woman/One Woman Man,Paul Anka & Odia Coates,4:32,4,0.627,0.645,11,-6.82,1,0.0293,0.0457,0.0,0.0655,0.509,91.015,44,1975,No
Only Yesterday,The Carpenters,6:15,4,0.535,0.505,7,-8.357,1,0.0269,0.134,1.95e-05,0.63,0.526,90.057,43,1975,Yes
Poetry Man,Phoebe Snow,4:38,4,0.511,0.242,7,-15.735,1,0.0318,0.41,0.0,0.111,0.596,131.82,42,1975,Yes
Morning Side Of The Mountain,Donny & Marie Osmond,2:38,4,0.319,0.436,0,-8.967,1,0.0373,0.538,0.0,0.157,0.654,79.314,40,1975,Yes
Angie Baby,Helen Reddy,3:30,4,0.544,0.412,7,-12.628,0,0.0482,0.543,2.32e-05,0.0839,0.527,79.957,40,1975,Yes
Run Joey Run,David Geddes,4:32,4,0.59,0.508,10,-9.255,0,0.145,0.0518,0.000106,0.115,0.385,81.578,39,1975,Yes
It Only Takes A Minute,Tavares,4:01,4,0.642,0.664,5,-8.087,0,0.0334,0.104,0.102,0.658,0.963,122.598,38,1975,Yes
I’m Not In Love,10cc,3:49,4,0.472,0.968,7,-5.322,0,0.182,0.00476,0.0019,0.361,0.158,135.953,37,1975,Yes
The Way I Want To Touch You,Captain & Tennille,2:43,4,0.664,0.585,0,-7.062,0,0.0248,0.624,0.000112,0.343,0.597,111.29,37,1975,Yes
Swearin’ To God,Frankie Valli,4:05,4,0.667,0.785,1,-7.364,1,0.0635,0.288,0.000122,0.0597,0.73,108.921,37,1975,No
Love Won’t Let Me Wait,Major Harris,3:47,1,0.597,0.291,11,-13.837,0,0.0352,0.917,3.05e-05,0.122,0.226,115.666,37,1975,No
The Way We Were/Try To Remember,Gladys Knight & the Pips,4:31,4,0.285,0.265,7,-12.542,1,0.0418,0.354,2.76e-06,0.744,0.231,147.194,36,1975,No
He Don’t Love You (LIKE I Love You),Tony Orlando and Dawn,3:39,4,0.637,0.55,9,-12.378,1,0.0335,0.287,1.85e-05,0.345,0.805,119.303,36,1975,No
Cut The Cake,Average White Band,4:07,4,0.807,0.632,7,-11.925,1,0.0524,0.284,0.668,0.0364,0.964,108.622,35,1975,Yes
The Ballroom Blitz,Sweet,3:41,4,0.601,0.948,1,-5.176,0,0.0543,0.000598,0.00031,0.0537,0.511,112.49,31,1975,Yes
Ain’t No Way To Treat A Lady,Helen Reddy,3:28,4,0.486,0.32,10,-14.084,1,0.0389,0.728,4.79e-05,0.0979,0.35,80.207,30,1975,Yes
The Rockford Files Theme,Mike Post,3:06,4,0.489,0.562,2,-11.494,1,0.0301,0.0671,0.92,0.191,0.23,111.921,28,1975,Yes
They Just Can’t Stop It The (GAMES People Play),the Spinners,3:31,4,0.722,0.409,11,-12.056,0,0.0341,0.513,0.000426,0.119,0.659,76.522,27,1975,No
Dynomite,Tony Camillo’s Bazuka,1:17,4,0.685,0.403,0,-10.887,1,0.305,0.00483,0.0,0.174,0.546,93.826,23,1975,No
Thank God I’m A Country Boy,John Denver,3:20,3,0.398,0.703,9,-11.289,1,0.319,0.662,0.0,0.703,0.861,202.14,16,1975,Yes
That’s The Way Of The World,"Earth, Wind & Fire",8:43,4,0.265,0.969,1,-5.062,1,0.448,0.016,0.000223,0.717,0.302,90.017,15,1975,Yes
"Get Down, Get Down (GET On The Floor)",Joe Simon,4:31,4,0.985,0.782,1,-12.575,1,0.0976,0.0272,0.0,0.0574,0.86,124.382,13,1975,Yes
Can’t Get It Out Of My Head,Electric Light Orchestra,3:53,4,0.298,0.797,0,-6.54,1,0.0334,0.0132,0.0,0.935,0.205,97.984,9,1975,Yes
Doctor’s Orders,Carol Douglas,4:23,4,0.657,0.914,7,-4.493,1,0.0285,0.002,0.0356,0.0688,0.542,127.001,6,1975,No
"You’re The First, The Last, My Everything",Barry White,3:08,4,0.598,0.807,5,-6.652,1,0.0282,0.000288,0.00246,0.181,0.919,132.072,4,1975,Yes
Cat’s In The Cradle,Harry Chapin,5:15,3,0.519,0.423,9,-7.051,1,0.0303,0.0938,1.81e-05,0.108,0.224,144.597,2,1975,No
I’m Not Lisa,Jessi Colter,3:30,4,0.38,0.342,5,-8.256,1,0.0279,0.757,0.000259,0.638,0.366,71.962,1,1975,Yes
"Don’t Call Us, We’ll Call You",Sugarloaf,3:50,4,0.221,0.954,8,-5.457,1,0.143,0.00263,9.57e-05,0.341,0.19,150.978,0,1975,No
Summer,War,3:42,4,0.596,0.856,4,-3.556,0,0.0346,0.0211,0.0178,0.141,0.743,127.949,86,1976,Yes
Dream On,Aerosmith,4:27,4,0.392,0.476,1,-7.583,1,0.0249,0.397,0.000163,0.309,0.234,78.031,82,1976,Yes
All,MYSELF,3:38,4,0.585,0.55,11,-7.342,1,0.0255,0.408,3.97e-05,0.115,0.839,78.176,81,1976,Yes
Getaway,"Earth, Wind & Fire",3:53,4,0.562,0.689,2,-6.745,1,0.127,0.00465,2.23e-06,0.0888,0.351,172.054,79,1976,Yes
She’s Gone,Hall & Oates,3:46,4,0.534,0.943,1,-4.812,0,0.0496,0.000215,0.794,0.0929,0.375,134.004,78,1976,No
Saturday Night,Bay City Rollers,3:32,4,0.733,0.795,1,-7.224,0,0.0249,0.0263,0.000952,0.083,0.892,109.121,75,1976,Yes
If You Leave Me Now,Chicago,3:55,4,0.434,0.563,11,-6.784,1,0.0268,0.0197,0.000824,0.128,0.275,104.183,75,1976,Yes
(DON’T Fear) The Reaper,Blue Oyster Cult,5:08,4,0.333,0.927,9,-8.55,0,0.0733,0.0029,0.000208,0.297,0.385,141.466,74,1976,No
Rhiannon,Fleetwood Mac,4:12,4,0.723,0.49,9,-14.745,0,0.0296,0.111,0.0946,0.0923,0.795,129.012,74,1976,Yes
"December, 1963 (OH, What A Night)",The Four Seasons,3:17,4,0.737,0.495,1,-13.489,1,0.027,0.0588,9.12e-06,0.0542,0.967,104.409,74,1976,Yes
Love Machine,The Miracles,3:56,4,0.617,0.741,2,-3.97,1,0.0311,0.131,0.0,0.0772,0.306,118.984,74,1976,Yes
You Sexy Thing,Hot Chocolate,4:04,4,0.791,0.733,5,-5.465,1,0.0633,0.523,0.0016,0.167,0.962,105.853,73,1976,Yes
Play That Funky Music,Wild Cherry,5:00,4,0.814,0.672,9,-12.068,1,0.0619,0.0435,0.0,0.061,0.933,109.394,72,1976,Yes
Bohemian Rhapsody,Queen,5:54,4,0.391,0.402,0,-9.961,0,0.0539,0.289,0.0,0.243,0.228,143.879,71,1976,Yes
With Your Love,Jefferson Starship,3:52,4,0.629,0.479,10,-10.608,1,0.0271,0.22,0.0,0.0587,0.345,138.231,70,1976,Yes
You Should Be Dancing,Bee Gees,4:16,4,0.682,0.716,0,-10.911,1,0.0333,0.0182,0.168,0.337,0.963,123.011,69,1976,Yes
Sweet Love,Commodores,2:29,4,0.729,0.571,6,-7.06,1,0.0285,0.478,0.0,0.402,0.833,91.981,69,1976,Yes
Take The Money And Run,Steve Miller Band,2:50,4,0.565,0.645,0,-12.923,1,0.0484,0.0552,2.84e-06,0.151,0.836,99.3,69,1976,Yes
50 Ways To Leave Your Lover,Paul Simon,3:37,4,0.815,0.372,7,-12.814,1,0.0752,0.166,0.000116,0.0767,0.293,101.684,68,1976,Yes
Let Your Love Flow,The Bellamy Brothers,3:16,4,0.596,0.897,3,-5.224,1,0.0402,0.0367,0.0,0.151,0.853,108.194,68,1976,Yes
Sara Smile,Hall & Oates,3:05,3,0.592,0.398,2,-10.81,0,0.0678,0.357,0.000925,0.119,0.204,150.038,67,1976,Yes
Sweet Thing,Rufus featuring Chaka Khan,3:04,4,0.524,0.641,0,-8.967,1,0.0497,0.0437,2.78e-05,0.159,0.482,141.65,67,1976,Yes
Say You Love Me,Fleetwood Mac,4:09,4,0.723,0.596,9,-13.436,1,0.0308,0.0187,0.00513,0.16,0.962,128.068,66,1976,Yes
You’re My Best Friend,Queen,2:50,4,0.518,0.761,0,-7.025,1,0.0451,0.158,0.00805,0.0715,0.577,118.74,66,1976,No
I Only Want To Be With You,Bay City Rollers,2:38,4,0.602,0.684,7,-8.021,1,0.029,0.103,0.0,0.175,0.961,133.0,65,1976,Yes
Love Hurts,Nazareth,3:00,4,0.724,0.45,4,-5.763,0,0.0497,0.0315,1.42e-05,0.111,0.464,140.978,65,1976,Yes
Show Me The Way,Peter Frampton,4:03,4,0.7,0.726,2,-7.717,1,0.0329,0.434,1.1e-06,0.0963,0.641,130.109,65,1976,Yes
Take It To The Limit,Eagles,4:47,3,0.435,0.423,11,-8.795,1,0.024,0.0916,0.000659,0.132,0.451,91.137,64,1976,Yes
Evil Woman,Electric Light Orchestra,4:19,4,0.703,0.58,9,-8.611,0,0.0282,0.461,2.74e-05,0.518,0.896,119.855,64,1976,Yes
Rock’n Me,Steve Miller Band,3:53,4,0.734,0.493,0,-7.528,1,0.308,0.0467,0.0,0.0477,0.562,86.043,64,1976,No
Silly Love Songs,Wings,5:54,4,0.742,0.471,0,-10.767,1,0.0326,0.134,0.0903,0.284,0.815,124.95,63,1976,Yes
"More, More, More",Andrea True Connection,3:19,4,0.739,0.841,5,-4.162,1,0.06,0.0312,0.0,0.173,0.562,106.99,62,1976,Yes
Lowdown,Boz Scaggs,5:17,4,0.691,0.551,11,-12.15,0,0.0503,0.0747,0.104,0.034,0.938,116.519,62,1976,Yes
Golden Years,David Bowie,4:03,4,0.68,0.701,6,-10.36,0,0.036,0.316,4.72e-06,0.111,0.933,108.287,62,1976,Yes
Right Back Where We Started From,Maxine Nightingale,3:12,4,0.692,0.653,5,-5.715,1,0.0392,0.49,0.00656,0.455,0.901,148.017,62,1976,Yes
Still The One,Orleans,3:54,4,0.565,0.615,4,-10.793,1,0.0384,0.0487,1.93e-06,0.16,0.591,143.928,62,1976,Yes
Fooled Around And Fell In Love,Elvin Bishop,4:36,3,0.633,0.621,10,-11.494,1,0.0313,0.042,0.0172,0.186,0.593,113.325,61,1976,Yes
Afternoon Delight,Starland Vocal Band,3:13,4,0.486,0.443,5,-11.728,1,0.0301,0.492,0.0,0.101,0.785,147.206,61,1976,Yes
Kiss And Say Goodbye,The Manhattans,4:26,4,0.645,0.42,10,-10.09,1,0.0624,0.555,0.0,0.125,0.583,129.084,61,1976,Yes
Disco Lady,Johnnie Taylor,3:43,4,0.79,0.728,7,-6.523,1,0.0612,0.025,0.00106,0.172,0.333,110.059,60,1976,Yes
Convoy,C. W. McCall,3:50,4,0.68,0.543,5,-14.876,1,0.141,0.857,0.000116,0.0881,0.796,111.62,59,1976,Yes
Magic Man,Heart,5:28,4,0.435,0.444,0,-12.816,1,0.0336,0.159,0.000697,0.457,0.734,103.817,59,1976,Yes
Love So Right,Bee Gees,3:35,4,0.575,0.405,4,-13.346,1,0.0279,0.345,6.73e-05,0.645,0.558,80.983,58,1976,Yes
"Baby, I Love Your Way (LIVE)",Peter Frampton,4:41,4,0.518,0.786,7,-5.739,1,0.0357,0.448,2.5e-05,0.7,0.463,72.269,58,1976,Yes
I Love Music,The O’Jays,2:12,4,0.516,0.321,3,-12.192,1,0.0755,0.678,0.00412,0.243,0.748,180.041,58,1976,No
Dream Weaver,Gary Wright,4:16,4,0.266,0.389,4,-13.682,1,0.0305,0.244,1.42e-06,0.0688,0.148,140.243,57,1976,Yes
Love Rollercoaster,Ohio Players,4:50,4,0.613,0.82,0,-10.175,1,0.0737,0.181,1.45e-06,0.049,0.465,115.125,57,1976,Yes
Got To Get You Into My Life,The Beatles,2:29,4,0.521,0.524,0,-6.136,1,0.0302,0.42,9.27e-06,0.0838,0.711,136.679,57,1976,Yes
Fanny (BE Tender With My Love),Bee Gees,4:03,4,0.438,0.526,4,-9.913,1,0.0273,0.215,0.0154,0.122,0.543,95.218,56,1976,Yes
Sing A Song,"Earth, Wind & Fire",3:23,4,0.774,0.698,9,-7.5,1,0.0481,0.157,0.00027,0.0684,0.969,122.325,56,1976,Yes
Theme From S.W.A.T.,Rhythm Heritage,2:06,4,0.631,0.888,5,-8.491,1,0.0375,0.171,0.0433,0.146,0.925,147.824,56,1976,Yes
Fox On The Run,Sweet,3:27,4,0.511,0.644,4,-12.191,1,0.0352,0.173,6.17e-05,0.0928,0.828,128.067,56,1976,Yes
Wake Up Everybody,Harold Melvin & the Blue Notes,7:32,4,0.565,0.644,6,-8.116,1,0.0696,0.426,0.0,0.264,0.633,97.716,55,1976,Yes
Let ‘EM In,Wings,5:11,4,0.761,0.482,10,-11.849,1,0.0572,0.491,0.31,0.0864,0.626,88.054,55,1976,Yes
Baby Face,Wing and a Prayer Fife and Drum Corps,2:03,4,0.74,0.566,1,-8.389,0,0.32,0.0034,0.0,0.589,0.342,156.197,54,1976,Yes
A Little Bit More,Dr. Hook,2:54,4,0.298,0.419,7,-13.139,1,0.0351,0.586,1.81e-06,0.306,0.467,185.773,53,1976,Yes
"(SHAKE, Shake, Shake) Shake Your Booty",KC and the Sunshine Band,3:06,4,0.649,0.825,10,-12.243,0,0.0335,0.00606,0.154,0.104,0.961,112.124,53,1976,Yes
Misty Blue,Dorothy Moore,3:42,3,0.394,0.243,3,-14.664,1,0.0302,0.658,0.00603,0.085,0.504,173.365,52,1976,Yes
Welcome Back,John Sebastian,4:22,4,0.764,0.744,1,-2.34,1,0.181,0.0109,0.000122,0.318,0.511,88.426,52,1976,Yes
Breaking Up Is Hard To Do,Neil Sedaka,2:19,4,0.743,0.799,8,-5.466,0,0.0375,0.699,0.0,0.0635,0.965,116.112,52,1976,Yes
I Write The Songs,Barry Manilow,3:55,4,0.267,0.417,5,-8.79,1,0.0283,0.824,0.000961,0.087,0.331,142.595,51,1976,Yes
Love Is Alive,Gary Wright,3:50,4,0.77,0.553,10,-13.632,1,0.0268,0.0614,0.00106,0.103,0.904,98.346,51,1976,No
Happy Days,Pratt and McClain,1:16,4,0.212,0.554,0,-8.352,1,0.0473,0.00325,0.859,0.324,0.625,137.787,51,1976,No
Money Honey,Bay City Rollers,2:50,4,0.775,0.754,1,-3.226,1,0.0469,0.0129,0.000301,0.0775,0.84,119.006,50,1976,Yes
Love To Love You Baby,Donna Summer,16:48,4,0.622,0.425,10,-16.256,1,0.052,0.292,5.73e-05,0.0498,0.417,96.168,50,1976,Yes
A Fifth Of Beethoven,Walter Murphy & The Big Apple Band,3:02,4,0.687,0.506,0,-13.311,0,0.0407,0.315,0.692,0.0611,0.783,108.759,50,1976,Yes
Love Hangover,Diana Ross,7:48,4,0.508,0.669,1,-10.342,1,0.0377,0.241,0.0148,0.0523,0.875,112.437,49,1976,Yes
Get Closer,Seals and Crofts (featuring Carolyn Willis),4:31,4,0.755,0.416,7,-14.941,1,0.031,0.18,1.81e-06,0.123,0.83,113.997,49,1976,No
Walk Away From Love,David Ruffin,4:10,4,0.703,0.376,11,-5.968,1,0.0703,0.182,2.88e-05,0.195,0.494,165.438,48,1976,Yes
"Fly, Robin, Fly",Silver Convention,3:50,4,0.826,0.406,0,-14.153,0,0.0317,0.00719,0.731,0.0725,0.939,100.278,48,1976,Yes
Boogie Fever,The Sylvers,2:16,4,0.872,0.839,3,-11.649,1,0.0755,0.577,0.0286,0.0375,0.963,116.032,48,1976,Yes
Shop Around,Captain & Tennille,2:50,4,0.552,0.7,7,-4.533,1,0.0295,0.809,0.0,0.805,0.901,132.005,47,1976,Yes
Devil Woman,Cliff Richard,2:50,4,0.697,0.266,4,-12.459,1,0.0613,0.911,0.0,0.141,0.501,145.839,47,1976,Yes
Only Sixteen,Dr. Hook,2:47,4,0.628,0.189,5,-16.61,1,0.0321,0.889,6.47e-06,0.115,0.609,100.342,47,1976,Yes
Times Of Your Life,Paul Anka,3:15,4,0.391,0.441,7,-9.876,1,0.0267,0.573,0.0,0.0665,0.513,76.524,47,1976,Yes
Moonlight Feels Right,Starbuck,3:41,4,0.67,0.778,7,-8.11,1,0.0274,0.468,7.52e-05,0.115,0.853,120.391,47,1976,Yes
Just To Be Close To You,Commodores,6:21,3,0.46,0.315,0,-13.23,1,0.0503,0.466,0.0,0.0533,0.327,99.402,43,1976,Yes
Shannon,Henry Gross,3:53,4,0.558,0.36,5,-11.771,1,0.0232,0.23,0.00248,0.18,0.509,87.838,43,1976,Yes
If You Know What I Mean,Neil Diamond,3:43,4,0.387,0.336,2,-14.031,1,0.0287,0.718,6.32e-06,0.185,0.416,76.037,43,1976,Yes
This Masquerade,George Benson,8:03,4,0.625,0.373,5,-12.549,0,0.0383,0.5,0.000524,0.132,0.43,88.543,42,1976,Yes
Turn The Beat Around,Vicki Sue Robinson,3:53,4,0.735,0.804,6,-6.476,0,0.0347,0.0145,0.0,0.0716,0.539,130.018,42,1976,Yes
Muskrat Love,Captain & Tennille,3:48,4,0.659,0.257,9,-16.552,1,0.0382,0.89,0.00014,0.252,0.222,102.977,41,1976,Yes
Tryin’ To Get The Feeling Again,Barry Manilow,3:51,4,0.274,0.553,3,-9.345,1,0.0505,0.612,0.000171,0.182,0.252,136.488,39,1976,Yes
Country Boy (YOU Got Your Feet In L.A.),Glen Campbell,3:07,4,0.643,0.735,10,-8.621,1,0.0255,0.379,0.0,0.0605,0.885,114.212,39,1976,Yes
Get Up And Boogie,Silver Convention,2:52,4,0.797,0.552,7,-14.86,1,0.0303,0.117,0.00132,0.0806,0.967,104.988,39,1976,Yes
That’ll Be The Day,Linda Ronstadt,2:38,4,0.56,0.14,1,-20.439,1,0.0325,0.862,0.968,0.0927,0.0589,74.483,32,1976,Yes
Deep Purple,Donny & Marie Osmond,2:40,3,0.507,0.32,5,-12.472,1,0.0305,0.881,2.59e-05,0.153,0.575,130.565,30,1976,Yes
Disco Duck,Rick Dees & His Cast of Idiots,3:18,4,0.81,0.448,4,-15.137,1,0.0693,0.132,0.000926,0.063,0.968,117.04,30,1976,Yes
Lonely Night (ANGEL Face),Captain & Tennille,3:18,4,0.593,0.698,0,-9.163,1,0.191,0.508,2.23e-05,0.0796,0.647,122.139,25,1976,Yes
Don’t Go Breaking My Heart,Elton John & Kiki Dee,4:11,4,0.481,0.995,5,-5.174,1,0.0417,0.0247,0.000209,0.962,0.452,139.224,23,1976,No
You’ll Never Find Another Love Like Mine,Lou Rawls,3:52,4,0.564,0.657,7,-9.318,1,0.109,0.653,0.0,0.122,0.516,129.849,21,1976,No
That’s The Way (I Like It),KC and the Sunshine Band,3:03,4,0.685,0.919,5,-9.046,0,0.0395,0.161,0.125,0.35,0.904,108.685,20,1976,No
I’d Really Love To See You Tonight,England Dan & John Ford Coley,2:39,4,0.62,0.556,5,-12.044,1,0.0336,0.184,0.0,0.301,0.591,119.17,19,1976,No
I’ll Be Good To You,The Brothers Johnson,4:12,4,0.599,0.232,8,-8.156,1,0.0394,0.827,0.0,0.134,0.44,131.023,18,1976,Yes
Nadia’s Theme (THE Young And The Restless),"Barry DeVorzon and Perry Botkin, Jr.",3:09,4,0.279,0.243,7,-12.56,0,0.0298,0.913,0.959,0.0939,0.0393,139.649,15,1976,No
Beth / Detroit Rock City,Kiss,2:48,4,0.453,0.286,0,-11.403,1,0.0321,0.807,3.45e-05,0.206,0.345,114.003,11,1976,No
Let’s Do It Again,The Staple Singers,2:52,4,0.607,0.883,9,-4.588,1,0.0308,0.0116,0.0,0.0832,0.962,127.534,11,1976,No
Theme From Mahogany (DO You Know Where You’re Going To),Diana Ross,2:31,4,0.519,0.782,11,-8.044,1,0.0282,0.419,0.0104,0.177,0.746,137.062,4,1976,No
Rock And Roll Music,The Beach Boys,1:55,4,0.556,0.265,9,-14.293,1,0.077,0.138,0.102,0.122,0.757,171.979,3,1976,Yes
The Wreck Of The Edmund Fitzgerald (#2*),Gordon Lightfoot,6:48,4,0.353,0.176,4,-17.426,1,0.036,0.852,0.0,0.126,0.287,112.732,0,1976,No
Dreams,Fleetwood Mac,4:17,4,0.828,0.492,0,-9.744,1,0.0276,0.0644,0.00428,0.128,0.789,120.151,86,1977,Yes
Dancing Queen,ABBA,3:50,4,0.543,0.87,9,-6.514,1,0.0428,0.358,0.000939,0.792,0.754,100.804,85,1977,Yes
Rich Girl,Daryl Hall & John Oates,2:22,4,0.573,0.683,5,-6.644,1,0.176,0.461,0.0,0.0935,0.817,169.519,84,1977,Yes
How Deep Is Your Love,Bee Gees,3:32,4,0.738,0.868,11,-4.373,0,0.0731,0.0392,0.00169,0.388,0.336,122.003,83,1977,Yes
Hotel California,Eagles,6:31,4,0.579,0.508,2,-9.484,1,0.027,0.00574,0.000494,0.0575,0.609,147.125,83,1977,Yes
Easy,Commodores,3:44,4,0.604,0.366,5,-7.519,1,0.0282,0.578,0.0,0.133,0.13,141.981,81,1977,Yes
More Than A Feeling,Boston,4:45,4,0.377,0.681,7,-8.039,1,0.0298,0.00088,0.0023,0.0504,0.285,108.789,80,1977,Yes
Go Your Own Way,Fleetwood Mac,3:43,4,0.583,0.947,5,-5.12,1,0.0378,0.0185,0.00109,0.0679,0.803,135.448,80,1977,Yes
Lonely Boy,Andrew Gold,3:13,4,0.356,0.872,2,-7.837,1,0.068,0.00417,0.00975,0.0997,0.607,166.3,79,1977,Yes
I Feel Love,Donna Summer,2:32,4,0.629,0.676,1,-7.088,0,0.191,0.53,0.000325,0.701,0.497,90.377,76,1977,Yes
Carry On Wayward Son,Kansas,5:23,4,0.482,0.786,7,-5.735,1,0.032,0.00321,8.88e-05,0.446,0.793,126.755,76,1977,Yes
You And Me,Alice Cooper,3:15,3,0.459,0.427,7,-7.734,1,0.0267,0.114,0.0,0.168,0.354,139.902,75,1977,Yes
Float On,The Floaters,3:28,4,0.649,0.888,6,-4.807,1,0.0293,0.013,2.23e-06,0.0888,0.553,100.975,75,1977,Yes
Walk This Way,Aerosmith,3:40,4,0.653,0.73,5,-10.613,1,0.0429,0.0115,1.02e-05,0.0776,0.894,108.709,74,1977,Yes
Barracuda,Heart,4:21,4,0.548,0.691,4,-13.553,0,0.0369,0.015,0.106,0.144,0.667,137.145,74,1977,Yes
Night Moves,Bob Seger & The Silver Bullet Band,5:24,4,0.705,0.743,1,-6.631,1,0.042,0.432,0.0133,0.103,0.374,118.552,73,1977,Yes
Life In The Fast Lane,Eagles,4:46,4,0.667,0.755,9,-7.246,1,0.069,0.0966,6.94e-05,0.0523,0.883,109.535,71,1977,Yes
Don’t Stop,Fleetwood Mac,4:27,4,0.834,0.669,6,-5.582,0,0.0637,0.0341,7.18e-05,0.0535,0.547,122.669,71,1977,Yes
Southern Nights,Glen Campbell,3:00,4,0.697,0.813,11,-8.89,0,0.0315,0.0989,0.0232,0.583,0.85,95.301,71,1977,Yes
Margaritaville,Jimmy Buffett,4:10,4,0.801,0.545,2,-13.637,1,0.0357,0.709,0.00176,0.104,0.862,124.941,71,1977,Yes
Best Of My Love,The Emotions,3:40,4,0.784,0.713,0,-6.865,1,0.0339,0.447,0.14,0.0904,0.97,115.443,71,1977,Yes
On And On,Stephen Bishop,7:26,3,0.438,0.687,7,-9.15,1,0.0619,0.000668,0.0801,0.42,0.426,103.01,70,1977,Yes
Sir Duke,Stevie Wonder,3:52,4,0.588,0.568,6,-9.766,1,0.0672,0.16,0.0,0.0792,0.952,106.938,70,1977,Yes
So Into You,Atlanta Rhythm Section,4:21,4,0.656,0.479,7,-7.055,0,0.0348,0.0665,0.00272,0.168,0.708,184.374,69,1977,Yes
New Kid In Town,Eagles,5:04,4,0.649,0.425,4,-9.811,1,0.0267,0.378,0.0013,0.108,0.651,107.383,69,1977,Yes
Livin’ Thing,Electric Light Orchestra,3:32,4,0.549,0.651,0,-7.097,1,0.0323,0.583,0.0,0.121,0.368,122.818,69,1977,Yes
I Wish,Stevie Wonder,4:10,4,0.445,0.492,6,-5.717,1,0.0294,0.036,0.0,0.122,0.24,148.013,69,1977,Yes
Cold As Ice,Foreigner,3:20,4,0.562,0.609,3,-7.063,0,0.0271,0.0264,0.0,0.17,0.512,130.753,68,1977,Yes
Jeans On,Lord David Dundas,2:34,4,0.868,0.55,6,-6.417,1,0.226,0.183,0.0,0.109,0.464,117.943,67,1977,No
Somebody To Love,Queen,4:56,3,0.497,0.693,8,-7.024,1,0.0565,0.19,0.0,0.215,0.358,111.539,67,1977,Yes
Do You Wanna Make Love,Peter McCann,5:10,4,0.626,0.746,7,-8.832,1,0.0282,0.16,0.0,0.0618,0.8,102.896,66,1977,Yes
I Just Want To Be Your Everything,Andy Gibb,3:45,4,0.651,0.648,9,-7.44,1,0.0346,0.167,1.7e-05,0.192,0.868,97.017,65,1977,Yes
Brick House,Commodores,3:28,4,0.832,0.782,4,-10.48,0,0.0597,0.0743,0.0179,0.032,0.63,107.878,65,1977,Yes
Sorry Seems To Be The Hardest Word,Elton John,3:48,4,0.371,0.22,7,-12.797,0,0.0324,0.828,1.23e-06,0.195,0.112,118.464,65,1977,Yes
Fly Like An Eagle,Steve Miller Band,4:42,4,0.561,0.754,9,-12.769,0,0.112,0.61,0.0194,0.328,0.642,100.08,65,1977,Yes
Jet Airliner,Steve Miller Band,3:35,4,0.574,0.664,5,-11.5,1,0.0346,0.0737,0.0,0.22,0.936,122.956,65,1977,Yes
The Rubberband Man,The Spinners,3:33,4,0.801,0.446,10,-14.604,1,0.0745,0.74,0.038,0.0832,0.924,97.894,65,1977,Yes
The Things We Do For Love,10cc,3:27,4,0.637,0.528,1,-9.837,1,0.0394,0.163,0.0,0.122,0.781,106.949,64,1977,Yes
Gonna Fly Now,Bill Conti,2:47,4,0.434,0.722,0,-6.388,1,0.0351,0.462,0.773,0.05,0.453,95.637,64,1977,Yes
Stand Tall,Burton Cummings,3:11,4,0.709,0.75,9,-6.519,0,0.095,0.311,0.0,0.344,0.824,158.088,64,1977,Yes
You Make Me Feel Like Dancing,Leo Sayer,3:39,4,0.728,0.718,8,-5.281,0,0.0501,0.0848,0.0,0.0579,0.733,95.922,64,1977,Yes
Got To Give It Up,Marvin Gaye,4:15,4,0.854,0.847,2,-9.019,1,0.042,0.232,0.000569,0.345,0.89,122.644,64,1977,Yes
Blinded,THE LIGHT,7:08,4,0.456,0.696,5,-10.0,1,0.0653,0.291,0.000207,0.0853,0.508,142.156,64,1977,Yes
Telephone Line,Electric Light Orchestra,4:40,4,0.467,0.367,9,-8.164,1,0.0298,0.771,2.27e-05,0.0847,0.205,70.856,62,1977,Yes
Maybe I’m Amazed,Paul McCartney & Wings,3:49,4,0.471,0.494,7,-10.407,1,0.0312,0.387,0.0944,0.617,0.373,79.255,62,1977,No
Enjoy Yourself,The Jacksons,3:17,4,0.764,0.676,11,-6.761,0,0.0927,0.389,0.0,0.215,0.461,97.02,62,1977,Yes
Lido Shuffle,Boz Scaggs,3:43,4,0.592,0.612,10,-9.811,1,0.0325,0.0124,4.28e-05,0.153,0.645,141.433,60,1977,Yes
Lost Without Your Love,Bread,2:56,4,0.266,0.345,10,-11.484,1,0.0309,0.376,1.9e-05,0.103,0.199,145.98,59,1977,Yes
Lucille,Kenny Rogers,3:40,3,0.646,0.362,5,-11.954,1,0.0312,0.724,0.0,0.134,0.387,142.46,59,1977,Yes
Strawberry Letter 23,The Brothers Johnson,4:59,4,0.73,0.622,7,-11.7,0,0.0532,0.269,0.00874,0.111,0.752,90.973,59,1977,Yes
I’m In You,Peter Frampton,1:36,4,0.485,0.0088,5,-30.0,1,0.0507,0.996,0.94,0.114,0.189,85.778,58,1977,Yes
Evergreen (LOVE Theme From A Star Is Born),Barbra Streisand,3:04,4,0.35,0.303,9,-10.943,1,0.0316,0.932,0.0257,0.0907,0.187,114.709,57,1977,Yes
Just A Song Before I Go,"Crosby, Stills & Nash",2:13,4,0.671,0.233,11,-18.003,0,0.0378,0.875,0.00016,0.12,0.486,108.065,57,1977,Yes
Boogie Nights,Heatwave,5:03,4,0.629,0.615,11,-10.972,0,0.0433,0.169,7.23e-05,0.132,0.673,118.805,57,1977,Yes
Angel In Your Arms,Hot,2:30,4,0.694,0.828,11,-4.653,0,0.0336,0.0399,0.0,0.0796,0.407,126.002,57,1977,Yes
Handy Man,James Taylor,3:16,4,0.804,0.233,2,-14.17,1,0.0312,0.64,0.106,0.0854,0.583,90.639,56,1977,Yes
Heard It In A Love Song,The Marshall Tucker Band,4:57,4,0.555,0.797,2,-7.484,1,0.0389,0.168,0.00268,0.12,0.683,152.87,56,1977,Yes
Year Of The Cat,Al Stewart,6:40,4,0.54,0.634,4,-9.165,0,0.0346,0.016,0.0098,0.118,0.546,116.461,55,1977,Yes
You Light Up My Life,Debby Boone,3:36,3,0.333,0.367,2,-10.06,1,0.0291,0.831,1.19e-05,0.262,0.0685,77.986,55,1977,Yes
When I Need You,Leo Sayer,4:13,3,0.597,0.342,8,-8.167,1,0.0299,0.389,3.04e-05,0.114,0.11,109.609,55,1977,Yes
Torn Between Two Lovers,Mary MacGregor,3:51,4,0.551,0.479,10,-9.2,1,0.0301,0.898,0.0901,0.148,0.577,130.248,55,1977,Yes
Da Doo Ron Ron,Shaun Cassidy,2:20,4,0.535,0.797,3,-7.533,1,0.0459,0.48,3.42e-05,0.141,0.613,148.835,54,1977,Yes
Don’t Leave Me This Way,Thelma Houston,3:37,4,0.553,0.839,0,-5.844,0,0.116,0.153,6e-05,0.13,0.673,121.819,54,1977,Yes
Boogie Child,Bee Gees,3:36,4,0.722,0.758,7,-8.147,1,0.0954,0.0953,0.196,0.21,0.637,88.01,53,1977,Yes
"Baby, What A Big Surprise",Chicago,3:03,4,0.42,0.451,5,-4.351,1,0.0289,0.053,2.32e-06,0.137,0.396,74.353,52,1977,Yes
I’m Your Boogie Man,KC and the Sunshine Band,4:02,4,0.753,0.753,5,-13.023,0,0.0436,0.0144,4.43e-05,0.0711,0.913,113.068,52,1977,No
Whatcha Gonna Do?,Pablo Cruise,2:35,4,0.735,0.709,2,-7.632,1,0.0988,0.349,0.0,0.0944,0.909,127.241,52,1977,Yes
I Wanna Get Next To You,Rose Royce,3:58,4,0.62,0.179,0,-19.981,1,0.0314,0.835,0.03,0.0928,0.675,130.864,52,1977,Yes
Nobody Does It Better,Carly Simon,4:34,4,0.736,0.561,0,-8.16,1,0.05,0.446,0.0,0.128,0.122,92.06,51,1977,Yes
Smoke From A Distant Fire,Sanford-Townsend Band,3:33,4,0.592,0.625,9,-9.343,1,0.0464,0.15,0.000313,0.0804,0.747,136.997,51,1977,Yes
Car Wash,Rose Royce,5:07,4,0.667,0.521,9,-13.212,0,0.115,0.202,6.55e-05,0.0723,0.856,117.917,50,1977,Yes
Dazz,Brick,3:22,4,0.722,0.778,4,-7.931,1,0.0611,0.0697,7.46e-06,0.0414,0.839,109.076,49,1977,Yes
Just Remember I Love You,Firefall,3:16,4,0.688,0.294,0,-13.985,1,0.0309,0.357,0.000244,0.0999,0.709,121.76,49,1977,Yes
Feels Like The First Time,Foreigner,3:52,4,0.498,0.802,7,-4.537,1,0.0544,0.0136,1.44e-06,0.128,0.505,107.704,49,1977,Yes
Weekend In New England,Barry Manilow,3:46,3,0.245,0.397,0,-6.997,1,0.0272,0.568,1.83e-05,0.171,0.244,80.427,48,1977,Yes
Keep It Comin’ Love,KC and the Sunshine Band,4:31,4,0.773,0.721,3,-12.574,1,0.0294,0.232,1.61e-05,0.0349,0.971,110.383,48,1977,No
Trying To Love Two,William Bell,2:27,4,0.6,0.409,5,-15.963,1,0.0399,0.0409,0.0,0.56,0.702,87.353,48,1977,No
I Never Cry,Alice Cooper,3:44,4,0.553,0.284,0,-15.602,1,0.0317,0.45,3.48e-06,0.114,0.374,136.112,47,1977,Yes
Looks Like We Made It,Barry Manilow,3:33,4,0.297,0.481,0,-7.681,1,0.0278,0.574,0.00352,0.094,0.456,139.896,47,1977,Yes
(YOUR Love Has Lifted Me) Higher And Higher,Rita Coolidge,4:01,4,0.656,0.646,10,-9.169,0,0.0336,0.0575,0.00464,0.16,0.75,117.586,44,1977,Yes
My Heart Belongs To Me,Barbra Streisand,3:21,4,0.274,0.209,0,-15.723,0,0.0328,0.743,6.84e-06,0.183,0.297,139.316,43,1977,Yes
Muskrat Love,Captain & Tennille,3:48,4,0.659,0.257,9,-16.552,1,0.0382,0.89,0.00014,0.252,0.222,102.977,41,1977,Yes
Right Time Of The Night,Jennifer Warnes,2:53,4,0.563,0.478,10,-10.149,1,0.024,0.551,0.0,0.159,0.749,93.684,41,1977,Yes
After The Lovin’,Engelbert Humperdinck,3:53,3,0.33,0.532,0,-8.48,1,0.0333,0.523,6.51e-06,0.173,0.358,117.936,40,1977,No
You Don’t Have To Be A Star (TO Be In My Show),Marilyn McCoo & Billy Davis Jr.,4:39,4,0.475,0.556,6,-8.388,0,0.0321,0.312,0.0,0.216,0.917,200.033,40,1977,No
Star Wars Theme/Cantina Band,Meco,3:32,4,0.677,0.915,0,-3.859,1,0.0912,0.00121,0.916,0.322,0.545,124.929,36,1977,Yes
Undercover Angel,Alan O’Day,3:31,4,0.673,0.662,5,-7.021,1,0.04,0.226,0.0,0.121,0.725,98.564,33,1977,Yes
It’s Ecstasy When You Lay Down Next To Me,Barry White,3:28,4,0.859,0.383,0,-10.954,1,0.0391,0.0302,0.0195,0.0395,0.749,102.572,33,1977,No
I Like Dreamin’,Kenny Nolan,3:32,4,0.379,0.61,6,-7.681,1,0.0307,0.0749,0.0,0.0927,0.371,135.11,32,1977,No
That’s Rock ‘N’ Roll,Shaun Cassidy,2:34,4,0.586,0.855,4,-8.904,1,0.0414,0.32,0.0605,0.113,0.963,128.512,32,1977,No
You Made Me Believe In Magic,Bay City Rollers,2:41,4,0.608,0.876,0,-5.82,0,0.0694,0.237,0.0,0.207,0.865,126.465,28,1977,Yes
Swayin’ To The Music (SLOW Dancing),Johnny Rivers,4:08,4,0.6,0.537,7,-9.639,1,0.0278,0.169,8.34e-05,0.111,0.4,175.924,28,1977,No
Hot Line,The Sylvers,3:01,4,0.845,0.911,2,-8.656,1,0.0528,0.31,0.0,0.0825,0.965,132.827,26,1977,Yes
Heaven On The 7th Floor,Paul Nicholas,2:50,4,0.76,0.87,5,-6.334,0,0.122,0.392,0.0,0.234,0.928,126.196,19,1977,Yes
Don’t Give Up On Us,David Soul,3:32,4,0.438,0.395,9,-11.627,1,0.0253,0.382,0.00681,0.109,0.223,105.996,11,1977,No
Don’t It Make My Brown Eyes Blue,Crystal Gayle,2:38,4,0.587,0.237,6,-16.541,1,0.0407,0.499,1.31e-06,0.614,0.368,85.383,7,1977,Yes
Couldn’t Get It Right,Climax Blues Band,6:11,4,0.655,0.937,9,-6.355,1,0.0415,0.213,0.00337,0.218,0.845,104.209,5,1977,No
Ain’t Gonna Bump No More (WITH No Big Fat Woman),Joe Tex,3:15,4,0.742,0.745,2,-8.68,1,0.0633,0.0176,0.00202,0.321,0.896,113.194,0,1977,No
I’ve Got Love On My Mind,Natalie Cole,3:54,3,0.494,0.44,1,-11.18,1,0.0425,0.0133,0.0,0.113,0.124,205.845,0,1977,No
Tonight’s The Night (GONNA Be Alright),Rod Stewart,3:33,3,0.567,0.606,11,-10.71,1,0.0421,0.104,0.0176,0.582,0.645,135.22,0,1977,Yes
Just The Way You Are,Billy Joel,3:40,4,0.635,0.841,5,-5.379,1,0.0422,0.0134,0.0,0.0622,0.424,109.021,84,1978,Yes
Flash Light,Parliament,3:57,4,0.639,0.628,6,-7.578,0,0.0398,0.0381,0.0,0.386,0.43,90.482,84,1978,Yes
How Deep Is Your Love,Bee Gees,3:32,4,0.738,0.868,11,-4.373,0,0.0731,0.0392,0.00169,0.388,0.336,122.003,83,1978,Yes
You Belong To Me,Carly Simon,3:51,4,0.632,0.773,6,-4.856,1,0.0346,0.0623,0.0,0.0885,0.474,130.033,81,1978,Yes
Dust In The Wind,Kansas,3:26,4,0.475,0.322,7,-10.687,1,0.0283,0.367,0.00056,0.11,0.387,93.503,81,1978,Yes
Shame,Evelyn “Champagne” King,3:39,4,0.377,0.651,4,-5.437,0,0.0589,0.0197,5.31e-05,0.174,0.0851,129.607,80,1978,No
Stayin’ Alive,Bee Gees,4:45,4,0.703,0.827,10,-7.179,0,0.0343,0.032,0.00636,0.179,0.944,103.564,77,1978,Yes
Beast Of Burden,The Rolling Stones,4:25,4,0.784,0.879,1,-3.862,0,0.0308,0.39,0.000848,0.0426,0.893,100.622,77,1978,Yes
Take A Chance On Me,ABBA,4:03,4,0.684,0.675,11,-8.123,1,0.0257,0.163,0.0,0.242,0.924,107.064,76,1978,Yes
Night Fever,Bee Gees,3:32,4,0.733,0.795,1,-7.224,0,0.0249,0.0263,0.000952,0.083,0.892,109.121,75,1978,Yes
Last Dance,Donna Summer,4:33,4,0.464,0.654,7,-9.058,0,0.0608,0.0276,1.34e-06,0.328,0.53,169.512,75,1978,Yes
Right Down The Line,Gerry Rafferty,4:27,4,0.783,0.322,0,-15.091,1,0.0343,0.213,0.00243,0.114,0.77,128.226,74,1978,Yes
Count On Me,Jefferson Starship,3:17,4,0.589,0.389,0,-5.972,1,0.028,0.851,0.0,0.0772,0.501,89.1,74,1978,Yes
Disco Inferno,The Trammps,3:34,4,0.925,0.659,3,-4.763,1,0.231,0.206,7.95e-05,0.279,0.709,97.018,74,1978,Yes
Hopelessly Devoted To You,Olivia Newton-John,3:05,3,0.59,0.338,11,-13.101,0,0.03,0.292,0.0131,0.121,0.322,110.581,72,1978,Yes
You And I,Rick James,2:32,4,0.469,0.909,10,-6.726,0,0.0389,0.135,0.000164,0.453,0.333,90.222,71,1978,Yes
Copacabana,Barry Manilow,3:56,4,0.606,0.899,7,-6.412,0,0.0758,0.333,0.000102,0.0754,0.66,116.735,68,1978,Yes
Baker Street,Gerry Rafferty,6:05,4,0.497,0.349,7,-14.0,1,0.0297,0.0929,0.028,0.259,0.421,113.762,68,1978,Yes
Emotion,Samantha Sang,3:17,4,0.585,0.641,6,-4.269,0,0.133,0.0286,0.0,0.316,0.266,88.284,68,1978,Yes
Runaround Sue,Leif Garrett,2:51,4,0.364,0.607,2,-9.791,1,0.125,0.451,0.0,0.251,0.598,79.987,67,1978,Yes
Reminiscing,Little River Band,4:17,4,0.35,0.443,7,-11.01,1,0.0369,0.762,0.00192,0.0994,0.345,189.125,67,1978,Yes
Love Is In The Air,John Paul Young,3:28,4,0.617,0.568,0,-14.255,1,0.0335,0.0429,0.000254,0.0422,0.949,122.562,66,1978,Yes
Miss You,The Rolling Stones,2:07,4,0.702,0.923,1,-5.077,0,0.295,0.21,0.0,0.06,0.687,128.021,66,1978,Yes
If I Can’t Have You,Yvonne Elliman,3:10,4,0.69,0.809,2,-4.198,1,0.0603,0.524,0.0,0.147,0.864,123.912,66,1978,No
How Much I Feel,Ambrosia,4:43,4,0.667,0.513,4,-7.96,1,0.026,0.305,0.0,0.0851,0.518,95.306,65,1978,Yes
Still The Same,Bob Seger & The Silver Bullet Band,3:23,4,0.709,0.767,0,-6.732,1,0.0283,0.405,0.000172,0.0592,0.557,115.64,65,1978,Yes
Running On Empty,Jackson Browne,4:51,4,0.541,0.711,9,-13.492,1,0.0383,0.0635,0.0201,0.719,0.588,136.58,65,1978,Yes
Goodbye Girl,David Gates,2:48,4,0.467,0.255,8,-15.963,0,0.0372,0.605,0.00031,0.273,0.243,120.174,64,1978,Yes
Here You Come Again,Dolly Parton,2:59,4,0.585,0.511,1,-9.37,1,0.0391,0.647,0.007,0.0392,0.552,105.898,64,1978,Yes
Hot Blooded,Foreigner,4:28,4,0.705,0.806,0,-4.83,1,0.0814,0.229,0.0,0.0676,0.763,117.945,64,1978,Yes
Grease,Frankie Valli,3:27,4,0.82,0.464,11,-8.45,1,0.0481,0.156,0.0,0.101,0.872,109.374,64,1978,Yes
Bluer Than Blue,Michael Johnson,2:59,4,0.356,0.251,8,-14.24,1,0.0307,0.599,0.0,0.157,0.395,137.875,64,1978,Yes
Come Sail Away,Styx,6:07,4,0.324,0.335,0,-15.595,1,0.0355,0.099,1.08e-06,0.0995,0.141,119.513,64,1978,Yes
Who Are You,the Who,6:21,4,0.651,0.648,9,-11.409,1,0.0501,0.262,0.0042,0.0655,0.49,156.372,64,1978,Yes
You Needed Me,Anne Murray,3:40,4,0.497,0.296,9,-10.756,1,0.0302,0.431,0.0,0.106,0.171,62.204,63,1978,Yes
Sometimes When We Touch,Dan Hill,4:12,4,0.591,0.345,2,-11.007,1,0.0391,0.691,1.87e-06,0.0851,0.264,119.333,63,1978,Yes
Sweet Talkin’ Woman,Electric Light Orchestra,3:49,4,0.609,0.611,0,-9.208,1,0.0298,0.513,0.0,0.093,0.916,121.836,63,1978,No
Get Off,Foxy,3:35,4,0.78,0.407,5,-8.026,1,0.0473,0.0151,0.0,0.156,0.0558,121.937,63,1978,Yes
Dance With Me,Peter Brown,3:51,4,0.912,0.511,9,-6.365,1,0.203,0.0259,0.0,0.0442,0.611,101.628,63,1978,Yes
Jack And Jill,Raydio,1:39,4,0.519,0.0265,7,-26.128,1,0.0554,0.992,0.94,0.0986,0.523,98.47,63,1978,Yes
Hollywood Nights,Bob Seger & The Silver Bullet Band,5:02,4,0.529,0.968,9,-5.198,1,0.0503,0.00506,0.00034,0.201,0.751,150.326,62,1978,Yes
Blue Bayou,Linda Ronstadt,3:59,4,0.732,0.161,11,-12.817,1,0.0306,0.739,0.000379,0.105,0.5,95.21,62,1978,Yes
It’s So Easy,Linda Ronstadt,3:22,4,0.388,0.989,8,-6.181,1,0.162,0.0206,1.16e-05,0.126,0.199,150.77,62,1978,No
Peg,Steely Dan,3:57,4,0.778,0.441,7,-15.259,1,0.0314,0.22,0.000652,0.171,0.944,116.918,62,1978,Yes
Turn To Stone,Electric Light Orchestra,3:49,4,0.548,0.72,1,-9.777,0,0.0409,0.0686,0.000232,0.107,0.458,140.966,61,1978,Yes
Lay Down Sally,Eric Clapton,3:56,4,0.69,0.5,4,-16.145,0,0.0909,0.598,0.0288,0.11,0.586,191.539,61,1978,Yes
On Broadway,George Benson,4:56,4,0.449,0.42,8,-9.624,1,0.356,0.631,0.0,0.0805,0.41,176.989,61,1978,Yes
Summer Nights,John Travolta & Olivia Newton-John,3:56,4,0.835,0.609,9,-5.636,1,0.0336,0.0201,1.28e-06,0.107,0.781,130.154,61,1978,Yes
Baby Come Back,Player,3:34,4,0.645,0.604,5,-9.904,0,0.118,0.0713,0.0,0.129,0.545,156.436,60,1978,Yes
Shadow Dancing,Andy Gibb,3:24,4,0.457,0.292,4,-12.165,0,0.0313,0.824,0.61,0.0924,0.139,53.986,59,1978,Yes
Two Out Of Three Ain’t Bad,Meat Loaf,5:24,4,0.586,0.48,9,-9.138,1,0.0243,0.385,0.0,0.0947,0.488,79.873,59,1978,No
I Go Crazy,Paul Davis,3:27,4,0.474,0.537,2,-6.77,1,0.0649,0.0758,0.0,0.316,0.335,90.103,58,1978,Yes
Got To Get You Into My Life,"Earth, Wind & Fire",2:29,4,0.521,0.524,0,-6.136,1,0.0302,0.42,9.27e-06,0.0838,0.711,136.679,57,1978,Yes
Three Times A Lady,Commodores,3:37,3,0.39,0.0803,8,-20.518,1,0.0306,0.874,0.000639,0.127,0.184,150.503,55,1978,Yes
You Light Up My Life,Debby Boone,3:36,3,0.333,0.367,2,-10.06,1,0.0291,0.831,1.19e-05,0.262,0.0685,77.986,55,1978,Yes
Baby Hold On,Eddie Money,3:33,4,0.637,0.598,2,-13.664,1,0.0535,0.317,0.0,0.0622,0.806,120.253,55,1978,Yes
Kiss You All Over,Exile,3:34,4,0.741,0.267,0,-17.204,1,0.0285,0.253,0.000447,0.0987,0.497,102.428,55,1978,Yes
Double Vision,Foreigner,3:44,4,0.682,0.711,9,-7.637,0,0.0325,0.179,9.53e-05,0.126,0.766,129.546,55,1978,Yes
Our Love,Natalie Cole,2:05,4,0.271,0.931,1,-6.81,0,0.0785,0.00099,0.0,0.182,0.382,142.407,55,1978,Yes
Love Will Find A Way,Pablo Cruise,4:11,4,0.78,0.491,7,-13.934,1,0.0351,0.00719,1.8e-05,0.0677,0.843,124.238,55,1978,Yes
Slip Slidin’ Away,Paul Simon,4:45,4,0.641,0.409,8,-12.452,1,0.0348,0.743,2.58e-06,0.118,0.315,121.165,55,1978,No
Use Ta Be My Girl,The O’Jays,3:18,4,0.65,0.614,1,-7.367,1,0.0522,0.528,0.0,0.167,0.872,111.477,55,1978,Yes
An Everlasting Love,Andy Gibb,4:10,4,0.665,0.686,9,-6.542,1,0.0384,0.299,0.0,0.145,0.919,125.357,54,1978,Yes
The Closer I Get To You,Roberta Flack & Donny Hathaway,4:40,4,0.49,0.321,9,-13.283,1,0.0302,0.711,2.15e-06,0.0372,0.229,121.377,54,1978,Yes
Boogie Oogie Oogie,A Taste of Honey,4:05,4,0.797,0.548,2,-9.228,0,0.0492,0.0401,1.05e-05,0.0994,0.868,123.686,53,1978,Yes
Feels So Good,Chuck Mangione,9:42,4,0.576,0.603,5,-9.603,1,0.0329,0.455,0.0537,0.0406,0.524,103.658,51,1978,Yes
The Groove Line,Heatwave,4:24,4,0.745,0.734,11,-9.835,0,0.03,0.0801,0.00471,0.299,0.777,119.634,51,1978,Yes
Whenever I Call You “FRIEND”,Kenny Loggins & Stevie Nicks,3:57,4,0.461,0.551,0,-13.095,1,0.0345,0.114,0.0,0.11,0.689,129.716,51,1978,No
(LOVE Is) Thicker Than Water,Andy Gibb,4:15,4,0.582,0.462,6,-9.882,0,0.0254,0.137,4.98e-05,0.0755,0.528,96.361,50,1978,Yes
Macarthur Park,Donna Summer,3:55,4,0.579,0.667,4,-12.361,0,0.0401,0.0829,0.000616,0.0547,0.449,131.023,50,1978,Yes
With A Little Luck,Paul McCartney & Wings,5:44,4,0.652,0.372,6,-15.445,0,0.0321,0.0682,0.000199,0.0923,0.28,111.986,50,1978,Yes
Thunder Island,Jay Ferguson,4:00,4,0.497,0.718,0,-7.744,1,0.0275,0.00113,0.0606,0.544,0.792,127.79,49,1978,Yes
Magnet And Steel,Walter Egan,3:24,3,0.719,0.395,1,-9.581,0,0.0335,0.349,5.07e-05,0.0716,0.718,113.036,49,1978,Yes
I Love The Nightlife,Alicia Bridges,3:07,4,0.693,0.708,0,-7.816,1,0.031,0.309,0.00305,0.0857,0.949,125.315,48,1978,Yes
Ebony Eyes,Bob Welch,3:32,4,0.698,0.676,11,-11.717,1,0.0277,0.0101,2.57e-05,0.112,0.961,116.486,48,1978,Yes
Fool (IF You Think It’s Over),Chris Rea,4:44,4,0.722,0.412,4,-14.3,0,0.0267,0.312,2.5e-05,0.0448,0.91,105.927,48,1978,No
Serpentine Fire,"Earth, Wind & Fire",3:50,4,0.773,0.917,0,-7.333,1,0.037,0.184,0.00463,0.116,0.946,139.872,48,1978,Yes
Hot Child In The City,Nick Gilder,3:35,4,0.731,0.664,4,-6.995,1,0.0371,0.0349,7.59e-05,0.127,0.818,110.775,48,1978,Yes
Short People,Randy Newman,2:56,4,0.68,0.617,2,-5.849,1,0.0378,0.731,0.0674,0.12,0.54,121.356,47,1978,Yes
Imaginary Lover,Atlanta Rhythm Section,5:07,4,0.598,0.374,9,-14.085,0,0.0259,0.383,0.548,0.128,0.413,109.499,43,1978,Yes
(EVERY Time I Turn Around) Back In Love Again,L.T.D.,4:40,4,0.824,0.636,8,-11.856,1,0.109,0.0842,0.000381,0.47,0.914,109.337,42,1978,Yes
Love Is Like Oxygen,Sweet,3:47,4,0.567,0.455,9,-9.896,0,0.0479,0.242,2.79e-06,0.118,0.58,123.416,42,1978,Yes
"Dance, Dance, Dance (YOWSAH, Yowsah, Yowsah)",Chic,8:21,4,0.85,0.665,10,-9.404,0,0.0887,0.00964,0.486,0.0886,0.718,123.166,41,1978,Yes
"Too Much, Too Little, Too Late",Johnny Mathis & Deniece Williams,2:56,4,0.501,0.573,8,-9.078,1,0.0673,0.464,6.37e-06,0.0937,0.753,77.805,37,1978,Yes
What’s Your Name,Lynyrd Skynyrd,1:27,4,0.889,0.45,11,-6.852,0,0.0357,0.334,0.0,0.349,0.783,112.023,36,1978,No
Don’t Look Back,Boston,2:39,4,0.832,0.43,0,-6.163,1,0.0717,0.00145,0.0,0.16,0.205,139.952,35,1978,Yes
We Will Rock You/We Are The Champions,Queen,3:51,3,0.281,0.634,0,-5.808,1,0.0391,0.236,1.3e-05,0.0386,0.329,95.248,31,1978,No
You Can’t Turn Me Off (IN The Middle Of Turning Me On),High Inergy,3:32,4,0.381,0.362,0,-10.321,0,0.0501,0.695,0.0,0.0863,0.595,183.438,29,1978,Yes
Life’s Been Good,Joe Walsh,3:24,4,0.887,0.474,0,-6.667,1,0.0458,0.674,0.0,0.105,0.907,95.992,29,1978,No
Hey Deanie,Shaun Cassidy,3:39,4,0.624,0.769,5,-10.718,1,0.028,0.182,4.37e-06,0.331,0.96,130.184,26,1978,Yes
My Angel Baby,Toby Beau,3:27,5,0.228,0.116,9,-23.56,0,0.0435,0.965,0.944,0.152,0.0385,82.294,26,1978,Yes
You Never Done It Like That,Captain & Tennille,3:21,4,0.622,0.777,0,-6.139,1,0.0677,0.555,0.0,0.288,0.744,88.51,24,1978,Yes
You’re In My Heart (THE Final Acclaim),Rod Stewart,4:31,4,0.556,0.277,9,-13.26,1,0.0319,0.663,0.0,0.109,0.345,103.619,23,1978,No
Can’t Smile Without You,Barry Manilow,3:06,4,0.443,0.449,4,-9.854,0,0.0417,0.499,0.0,0.076,0.395,103.889,17,1978,No
It’s A Heartache,Bonnie Tyler,3:25,4,0.515,0.535,9,-11.168,1,0.0264,0.301,0.0,0.209,0.819,172.396,13,1978,Yes
Don’t It Make My Brown Eyes Blue,Crystal Gayle,2:38,4,0.587,0.237,6,-16.541,1,0.0407,0.499,1.31e-06,0.614,0.368,85.383,7,1978,No
You’re The One That I Want,John Travolta & Olivia Newton-John,4:04,4,0.284,0.903,5,-4.845,0,0.0876,0.00655,1.3e-05,0.178,0.145,131.28,7,1978,Yes
We’ll Never Have To Say Goodbye Again,England Dan & John Ford Coley,2:52,4,0.516,0.344,4,-14.353,1,0.0296,0.0428,0.0,0.0634,0.605,112.224,2,1978,No
Sentimental Lady,Bob Welch,4:35,4,0.539,0.396,4,-16.386,1,0.0378,0.777,0.000118,0.146,0.621,75.315,0,1978,Yes
This Time I’m In It For Love,Player,1:56,4,0.965,0.427,8,-19.72,1,0.105,0.883,0.905,0.105,0.966,139.996,0,1978,Yes
Stumblin’ In,Suzi Quatro & Chris Norman,3:33,4,0.875,0.518,2,-8.388,1,0.0551,0.0638,0.00995,0.125,0.37,126.089,90,1979,No
Hold The Line,Toto,3:55,4,0.473,0.898,6,-4.797,0,0.0561,0.00783,0.0618,0.173,0.808,96.556,85,1979,Yes
September,"Earth, Wind & Fire",3:36,4,0.674,0.832,9,-7.892,1,0.0308,0.146,5.06e-06,0.138,0.981,125.996,84,1979,Yes
My Life,Billy Joel,2:15,4,0.724,0.573,7,-4.113,1,0.0549,0.118,0.0,0.538,0.438,113.088,83,1979,Yes
I Was Made For Lovin’ You,Kiss,4:31,4,0.768,0.852,4,-6.215,1,0.038,0.214,7.36e-05,0.0723,0.867,128.373,82,1979,Yes
Rise,Herb Alpert,2:41,3,0.483,0.129,5,-20.149,0,0.0349,0.947,0.145,0.106,0.203,137.35,81,1979,Yes
Gold,John Stewart,3:27,4,0.629,0.696,1,-5.572,0,0.348,0.0195,0.0,0.0554,0.623,93.034,80,1979,Yes
Le Freak,Chic,4:15,4,0.353,0.898,2,-5.877,1,0.052,2.23e-05,0.105,0.39,0.525,103.299,78,1979,Yes
Boogie Wonderland,"Earth, Wind & Fire & The Emotions",4:48,4,0.802,0.756,2,-10.791,0,0.0349,0.0843,0.00765,0.0521,0.963,131.715,77,1979,No
Lady,Little River Band,3:03,4,0.539,0.16,3,-13.285,1,0.0329,0.881,0.000268,0.105,0.322,81.446,76,1979,Yes
Still,Commodores,4:06,4,0.946,0.646,5,-6.604,1,0.21,0.219,0.0,0.0643,0.961,127.978,75,1979,Yes
Don’t Stop ‘TIL You Get Enough,Michael Jackson,6:05,4,0.878,0.821,11,-9.875,1,0.089,0.126,0.0461,0.183,0.947,118.881,75,1979,Yes
Renegade,Styx,3:15,4,0.526,0.862,2,-6.003,1,0.0905,0.0144,0.0597,0.229,0.528,90.052,75,1979,Yes
What You Won’t Do For Love,Bobby Caldwell,4:46,4,0.642,0.396,6,-16.843,1,0.0642,0.462,0.000823,0.106,0.797,84.082,74,1979,No
Good Times,Chic,2:49,4,0.66,0.706,5,-5.219,1,0.0291,0.092,0.0,0.129,0.453,114.991,74,1979,Yes
Heaven Knows,Donna Summer and Brooklyn Dreams,3:35,4,0.609,0.759,6,-4.862,1,0.0276,0.028,0.0,0.183,0.774,114.045,74,1979,No
Please Don’t Go,KC & the Sunshine Band,3:01,4,0.683,0.554,6,-7.487,0,0.05,0.379,0.00011,0.0845,0.452,85.455,74,1979,Yes
The Gambler,Kenny Rogers,3:34,4,0.668,0.501,4,-13.119,1,0.0629,0.342,0.0,0.194,0.858,87.086,74,1979,Yes
Lotta Love,Nicolette Larson,5:33,4,0.412,0.902,9,-11.6,1,0.405,0.0484,0.131,0.405,0.422,89.74,74,1979,Yes
What A Fool Believes,The Doobie Brothers,3:43,4,0.758,0.378,8,-15.308,0,0.0449,0.284,0.0,0.049,0.985,120.736,74,1979,Yes
Bad Girls,Donna Summer,3:47,4,0.639,0.912,1,-2.621,1,0.0615,0.00107,0.0,0.097,0.343,143.448,72,1979,Yes
Born To Be Alive,Patrick Hernandez,3:08,4,0.704,0.868,2,-5.808,1,0.0315,0.0834,0.0,0.206,0.808,131.468,72,1979,Yes
Fire,The Pointer Sisters,3:47,4,0.638,0.831,8,-5.039,1,0.049,0.142,0.0,0.113,0.649,124.071,72,1979,Yes
Take Me Home,Cher,2:54,4,0.592,0.891,10,-3.144,1,0.0512,0.0267,0.0,0.352,0.674,99.983,71,1979,Yes
Shake It,Ian Matthews,3:39,4,0.647,0.785,7,-5.414,1,0.165,0.0561,0.0,0.148,0.943,160.015,71,1979,Yes
Da Ya Think I’m Sexy?,Rod Stewart,5:31,4,0.715,0.689,2,-8.065,0,0.029,0.0143,0.000192,0.111,0.852,111.504,71,1979,Yes
The Logical Song,Supertramp,4:11,4,0.625,0.758,5,-6.213,0,0.0463,0.512,0.00022,0.153,0.695,119.719,71,1979,Yes
My Sharona,The Knack,4:55,4,0.586,0.7,0,-9.558,1,0.0363,0.0589,0.00125,0.0318,0.897,147.245,71,1979,Yes
We Are Family,Sister Sledge,3:36,4,0.784,0.893,7,-5.153,0,0.0923,0.3,1.57e-05,0.272,0.819,118.738,70,1979,Yes
Too Much Heaven,Bee Gees,4:56,4,0.496,0.44,6,-13.212,1,0.0466,0.44,9.07e-05,0.725,0.353,165.917,68,1979,Yes
The Devil Went Down To Georgia,The Charlie Daniels Band,3:34,4,0.523,0.626,0,-9.425,1,0.0523,0.155,0.0,0.0869,0.917,134.127,68,1979,Yes
Tragedy,Bee Gees,5:03,4,0.665,0.532,11,-10.792,0,0.0278,0.0871,0.00993,0.296,0.825,117.954,67,1979,Yes
Sultans Of Swing,Dire Straits,5:48,4,0.725,0.801,5,-10.059,1,0.0302,0.0722,0.0339,0.339,0.925,148.211,67,1979,Yes
After The Love Has Gone,"Earth, Wind & Fire",4:38,4,0.424,0.443,6,-13.45,1,0.0382,0.532,0.000389,0.673,0.391,131.675,67,1979,Yes
I Want You To Want Me,Cheap Trick,3:11,4,0.806,0.462,2,-12.778,1,0.0298,0.774,0.0122,0.15,0.738,92.726,66,1979,Yes
Got To Be Real,Cheryl Lynn,5:07,4,0.836,0.626,9,-10.143,0,0.0335,0.0943,0.742,0.153,0.898,114.657,66,1979,Yes
Hot Stuff,Donna Summer,5:14,4,0.823,0.744,0,-13.98,1,0.0316,0.0055,0.033,0.0707,0.966,120.471,66,1979,Yes
I Will Survive,Gloria Gaynor,3:18,4,0.777,0.725,0,-8.681,1,0.05,0.0131,0.00805,0.246,0.529,116.669,66,1979,Yes
Sharing The Night Together,Dr. Hook & The Medicine Show,2:54,4,0.619,0.686,1,-9.014,0,0.0615,0.644,0.0,0.0996,0.757,76.923,65,1979,Yes
Promises,Eric Clapton,10:46,4,0.362,0.421,10,-11.699,1,0.0372,0.281,6.2e-05,0.0943,0.233,114.669,65,1979,Yes
Ooo Baby Baby,Linda Ronstadt,2:44,3,0.185,0.344,7,-9.378,1,0.0295,0.81,0.0,0.166,0.424,178.635,64,1979,Yes
Heart Of Glass,Blondie,3:49,4,0.77,0.654,4,-6.107,1,0.0361,0.0548,0.000498,0.0819,0.686,114.82,63,1979,Yes
You Decorated My Life,Kenny Rogers,3:38,4,0.264,0.307,7,-12.36,1,0.0341,0.662,0.0,0.101,0.153,172.546,63,1979,Yes
Just When I Needed You Most,Randy VanWarmer,4:01,4,0.583,0.313,9,-14.36,1,0.0256,0.617,0.0,0.121,0.346,96.717,63,1979,Yes
Y.M.C.A.,Village People,4:46,4,0.75,0.785,6,-10.926,1,0.0591,0.0278,0.0,0.0601,0.752,126.361,63,1979,Yes
Heartache Tonight,Eagles,4:25,4,0.81,0.511,0,-6.454,1,0.0409,0.0778,0.000226,0.0714,0.858,113.153,62,1979,Yes
She Believes In Me,Kenny Rogers,4:18,4,0.32,0.412,10,-12.472,1,0.0311,0.484,5.02e-06,0.346,0.316,142.779,62,1979,Yes
Ring My Bell,Anita Ward,8:11,4,0.781,0.556,5,-13.067,0,0.0611,0.0661,0.0907,0.0339,0.968,125.999,61,1979,Yes
(OUR Love) Don’t Throw It All Away,Andy Gibb,4:10,4,0.349,0.337,5,-13.193,1,0.0528,0.357,6.05e-05,0.643,0.208,143.143,60,1979,Yes
I Just Fall In Love Again,Anne Murray,2:51,4,0.444,0.351,0,-9.01,1,0.0287,0.0461,1.94e-06,0.119,0.0853,132.527,60,1979,Yes
"Lovin’, Touchin’, Squeezin’",Journey,3:50,3,0.403,0.644,2,-8.608,1,0.0439,0.0991,0.000179,0.231,0.714,211.27,60,1979,Yes
"Bad Case Of Loving You (DOCTOR, Doctor)",Robert Palmer,3:15,4,0.671,0.829,4,-9.118,1,0.0412,0.00103,8.97e-05,0.112,0.747,145.744,60,1979,Yes
Love You Inside Out,Bee Gees,4:11,4,0.706,0.516,11,-11.037,0,0.0474,0.354,4.19e-06,0.205,0.833,94.713,59,1979,Yes
Lead Me On,Maxine Nightingale,2:07,4,0.787,0.478,5,-8.761,0,0.092,0.566,0.0,0.147,0.649,79.029,59,1979,Yes
Shake Your Groove Thing,Peaches & Herb,5:46,4,0.863,0.726,9,-6.649,1,0.0494,0.415,0.0302,0.0735,0.93,132.574,59,1979,Yes
Knock On Wood,Amii Stewart,3:09,4,0.864,0.346,4,-12.918,1,0.0365,0.277,0.00521,0.0514,0.964,105.164,58,1979,Yes
Tusk,Fleetwood Mac,3:37,4,0.628,0.779,0,-11.841,1,0.0831,0.224,0.776,0.151,0.936,180.837,58,1979,Yes
I Just Wanna Stop,Gino Vannelli,3:38,4,0.581,0.548,9,-13.448,1,0.0325,0.184,0.00165,0.163,0.672,139.149,58,1979,Yes
Every 1’S A Winner,Hot Chocolate,4:49,4,0.727,0.548,10,-7.393,1,0.0291,0.0621,0.516,0.133,0.929,107.826,58,1979,No
Good Girls Don’t,The Knack,3:35,4,0.667,0.899,8,-4.221,1,0.0515,0.0183,0.000586,0.0811,0.708,150.065,58,1979,No
New York Groove,Ace Frehley,3:03,4,0.826,0.608,4,-8.442,1,0.162,0.61,0.000164,0.116,0.846,95.085,57,1979,Yes
Lonesome Loser,Little River Band,4:01,4,0.453,0.59,0,-7.77,1,0.0248,0.0613,0.0,0.29,0.434,109.919,57,1979,Yes
Reunited,Peaches & Herb,5:45,4,0.561,0.501,5,-9.544,0,0.0266,0.857,0.0106,0.135,0.339,75.68,57,1979,Yes
Pop Muzik,M,3:48,4,0.912,0.673,2,-8.91,1,0.109,0.0995,0.0,0.103,0.123,120.157,56,1979,Yes
Love Takes Time,Orleans,3:49,4,0.403,0.338,8,-12.371,0,0.0322,0.727,0.0,0.0849,0.233,126.23,56,1979,Yes
I Want Your Love,Chic,6:53,4,0.699,0.604,9,-13.404,0,0.0359,0.0185,0.073,0.0868,0.96,114.226,55,1979,Yes
You Don’t Bring Me Flowers,Neil Diamond & Barbra Streisand,3:15,4,0.16,0.123,0,-18.111,1,0.04,0.878,2.24e-05,0.157,0.239,67.006,55,1979,No
Cruel To Be Kind,Nick Lowe,3:30,4,0.694,0.656,0,-10.598,1,0.026,0.0586,1.81e-06,0.0505,0.803,131.679,55,1979,Yes
Sail On,Commodores,4:00,4,0.481,0.317,1,-17.356,1,0.0455,0.413,1.1e-05,0.0786,0.435,142.417,54,1979,Yes
Rock ‘N’ Roll Fantasy,Bad Company,3:17,4,0.605,0.716,2,-5.471,1,0.0285,0.0261,5.82e-06,0.13,0.868,112.302,53,1979,No
Love Is The Answer,England Dan & John Ford Coley,4:44,4,0.393,0.495,0,-14.033,0,0.0428,0.137,0.000269,0.134,0.624,202.297,53,1979,Yes
Sad Eyes,Robert John,4:13,3,0.431,0.463,0,-7.342,1,0.0268,0.599,0.00282,0.132,0.687,107.19,53,1979,Yes
Time Passages,Al Stewart,6:43,4,0.694,0.649,3,-7.176,1,0.0281,0.357,0.00258,0.0868,0.603,111.98,49,1979,Yes
Shine A Little Love,Electric Light Orchestra,4:41,4,0.687,0.695,7,-8.95,1,0.032,0.217,0.00806,0.0569,0.884,133.134,49,1979,Yes
Shake Your Body (DOWN To The Ground),The Jacksons,3:47,4,0.796,0.72,0,-7.203,1,0.0763,0.0528,0.0,0.337,0.851,117.401,49,1979,Yes
I Love The Nightlife,Alicia Bridges,3:07,4,0.693,0.708,0,-7.816,1,0.031,0.309,0.00305,0.0857,0.949,125.315,48,1979,Yes
Makin’ It,David Naughton,4:42,4,0.617,0.38,5,-9.809,1,0.0486,0.67,0.000582,0.0697,0.315,172.024,48,1979,No
You Can’t Change That,Raydio,3:23,4,0.691,0.706,1,-5.983,0,0.115,0.27,0.0,0.272,0.892,169.722,48,1979,No
You Take My Breath Away,Rex Smith,3:17,4,0.313,0.6,11,-7.913,1,0.0357,0.476,2.56e-05,0.523,0.272,141.912,47,1979,Yes
Music Box Dancer,Frank Mills,3:12,4,0.466,0.471,1,-13.762,1,0.039,0.573,0.82,0.121,0.794,132.109,46,1979,Yes
I Was Made For Dancin’,Leif Garrett,3:16,4,0.689,0.584,11,-13.957,0,0.0314,0.0319,0.00275,0.327,0.837,127.132,44,1979,No
How You Gonna See Me Now,Alice Cooper,3:55,4,0.544,0.336,5,-14.413,1,0.038,0.458,3.48e-06,0.133,0.298,136.516,43,1979,Yes
Heaven Must Have Sent You,Bonnie Pointer,2:32,4,0.656,0.523,2,-9.341,0,0.0287,0.305,1.42e-06,0.102,0.68,139.0,43,1979,Yes
Somewhere In The Night,Barry Manilow,3:27,4,0.319,0.407,2,-9.566,0,0.0261,0.31,0.0011,0.346,0.347,80.883,42,1979,No
Ain’t No Stoppin’ Us Now,McFadden & Whitehead,2:47,4,0.617,0.722,5,-4.935,1,0.0328,0.0387,0.131,0.178,0.423,123.98,41,1979,No
Don’t Bring Me Down,Electric Light Orchestra,3:16,4,0.53,0.789,10,-5.662,1,0.046,0.357,0.0836,0.121,0.784,116.82,40,1979,No
Chuck E.’S In Love,Rickie Lee Jones,3:29,4,0.792,0.267,9,-16.974,1,0.103,0.284,0.0,0.144,0.718,113.402,40,1979,No
Disco Nights (ROCK-FREAK),GQ,5:54,4,0.798,0.528,5,-12.228,0,0.0531,0.0116,0.00379,0.0446,0.898,122.61,39,1979,No
A Little More Love,Olivia Newton-John,3:27,4,0.717,0.414,8,-14.855,1,0.0364,0.029,0.00944,0.0865,0.494,100.178,39,1979,Yes
In The Navy,Village People,3:45,4,0.759,0.889,7,-10.592,0,0.0502,0.125,0.0,0.041,0.886,126.201,38,1979,Yes
Mama Can’t Buy You Love,Elton John,4:04,4,0.529,0.432,5,-14.245,1,0.0333,0.524,0.0,0.115,0.555,94.382,36,1979,Yes
Goodnight Tonight,Paul McCartney & Wings,4:20,4,0.748,0.683,1,-9.885,0,0.0466,0.0566,0.000639,0.0809,0.943,123.385,35,1979,No
We’ve Got Tonight,Bob Seger & The Silver Bullet Band,3:35,4,0.379,0.387,8,-9.283,1,0.0278,0.757,0.0,0.103,0.222,61.53,26,1979,No
The Main Event/Fight,Barbra Streisand,4:53,4,0.647,0.875,7,-8.503,1,0.0431,0.0502,0.0,0.172,0.684,137.392,25,1979,Yes
He’s The Greatest Dancer,Sister Sledge,6:15,4,0.7,0.815,7,-9.711,0,0.044,0.00115,0.00124,0.0901,0.837,113.245,14,1979,Yes
Don’t Cry Out Loud,Melissa Manchester,2:15,4,0.298,0.252,0,-8.95,1,0.0339,0.901,8.58e-06,0.127,0.193,90.955,9,1979,No
When You’re In Love With A Beautiful Woman,Dr. Hook,2:54,4,0.665,0.663,8,-11.367,1,0.0386,0.485,0.00682,0.157,0.792,110.656,7,1979,No
I’ll Never Love This Way Again,Dionne Warwick,2:58,4,0.452,0.434,8,-8.87,1,0.0399,0.792,0.0139,0.165,0.247,137.702,5,1979,No
Dim All The Nights,Donna Summer,4:08,4,0.758,0.54,7,-10.911,1,0.0385,0.0551,0.0,0.0343,0.661,121.581,0,1979,No
